excluded_country,const,log_HCI,log_GFCF,Political stability — estimate,Rule of law index,log_Production_Value,Forestry rents (% of GDP),Trade (% of GDP),log_HCI_x_log_Production,log_GFCF_x_log_Production,log_HCI_x_forestry_rents,log_GFCF_x_forestry_rents
AGO,-2.922104232954853,1.593775966212795,0.1556129588850627,0.01690378256995443,0.3563448629258077,-0.040473361655375024,-0.02751061305554717,0.0010618223632227987,0.23484283612050733,0.020487251915237634,-0.08101826843832709,0.01323619363921532
ARE,-2.930339540038797,1.6357027170052676,0.14792971452524217,0.027342461390187894,0.3459026410520988,-0.041119970532793,-0.026765217054827265,0.0009253174101256586,0.2392265975499134,0.020031946275480945,-0.07992442832256494,0.013275109890303175
AZE,-2.9875475803854967,1.683299070934814,0.14974735030440858,0.0309770892047611,0.3262355390448752,-0.03919663263297328,-0.025173156148298622,0.0007766579361646635,0.2715847682042875,0.014631831408478464,-0.06932072491638146,0.011431891961726781
BFA,-2.9729479356943567,1.6766521504372571,0.14784369202202216,0.02611021554236417,0.3364043905723062,-0.041524394807692926,-0.026297097404594214,0.0009382501883740113,0.23328844351842362,0.01985290780002063,-0.07666558000303789,0.012645448778126202
BHR,-2.8906914233107788,1.6591928532033984,0.14153791526734857,0.040321396425113995,0.3771724381080251,-0.039336938940771206,-0.02331063607406895,-0.00014723475605292555,0.2361571220166638,0.01234229148056058,-0.06717991784371197,0.012989638530818706
BOL,-2.951036134594041,1.6991317271724018,0.15005256661814148,0.0299990657211031,0.3485918761909554,-0.045173406602936915,-0.029661027623147797,0.0007757367380141005,0.216263832169706,0.017560164004532586,-0.09764793581736714,0.013380041748235292
CHL,-3.001619649079496,1.6806270361182414,0.15063728294153284,0.026612430167658904,0.4126021992718396,-0.03981296654809612,-0.026483646385988744,0.0007436179259261925,0.24245606029506978,0.018519238323193795,-0.08011627376018593,0.012561095555112995
CIV,-2.9452162467987235,1.6503194299859156,0.15113577051354532,0.03474516739077879,0.32713617946185086,-0.04085318061797755,-0.02634400651864492,0.000881262703655406,0.2307244785584786,0.017330583736927016,-0.08387140936481963,0.012542333651158784
CMR,-2.895345323881828,1.6305784833529606,0.14809820382331013,0.03255475649072087,0.3224278102494234,-0.04207184645904133,-0.02718367688081224,0.0008281271996420161,0.23732155075957267,0.019209588927913232,-0.07886418090085029,0.012909696869385468
COD,-2.8601252975052343,1.55998660420044,0.1666868575331466,0.03088873865010488,0.3579918302766885,-0.04649425966491277,-0.03371668941300594,0.0009957503111970968,0.2241501279715006,0.035887490827796235,-0.1066726526362531,0.03108960702994366
COG,-2.981283216773805,1.6150483829780613,0.15493061880139142,0.01120168839461801,0.3253714331597396,-0.039370100445238136,-0.025274627299264385,0.0016201451497892512,0.23281891483574652,0.02626499448591066,-0.07694092034100306,0.015455850304435803
DZA,-2.9366759644150227,1.6408917415296438,0.15229423486658525,0.02727596417307539,0.3369988244509789,-0.04037608124775544,-0.02713751135327441,0.000812232587126627,0.23472330568728567,0.021151341315197657,-0.08225018420976661,0.013076383410242313
ECU,-2.965570507946161,1.6973905943246885,0.161185346200637,0.028560920077822502,0.34705359748502795,-0.04506959908436213,-0.03003903143829612,0.0006213483686995882,0.21336794670825382,0.017331221555386057,-0.09650571023331624,0.011787337798876092
EGY,-2.9973622081408675,1.6362047315682704,0.1545392199345522,0.030527961102552268,0.3386900408185301,-0.03925014985518392,-0.02323547756766503,0.0011705271540085518,0.27482128023031616,0.015172434528930152,-0.05925778780385908,0.00988744576277953
ETH,-2.8907494637395104,1.599182455531416,0.15075853682350845,0.02722347055255029,0.3457559570568885,-0.0424012910438233,-0.028184154117709626,0.0009488113282214768,0.2270770587167581,0.019494775240044813,-0.10288453549405074,0.013374923359051485
GAB,-2.9738284027259088,1.6697768796216323,0.14511790282443698,0.03392329433250215,0.3245740843498912,-0.035498741939376674,-0.02306416126291059,0.000783860996146634,0.2655859456950489,0.017636358367251408,-0.059665898567358724,0.012254568274771876
GHA,-3.006907485765699,1.687618445390999,0.1502877449535307,0.029018995786958983,0.3733197460775272,-0.04041166895702836,-0.02262533680533695,0.0009174311705750699,0.24150107406292606,0.017225286606009443,-0.06235324829462233,0.013004008687776101
GIN,-2.9613851720336735,1.6692976642661919,0.14363335824990858,0.02483810007386743,0.3229363326718408,-0.03848170475828004,-0.022966429100415936,0.0008539526212520793,0.24746583717569898,0.020090808622423087,-0.06295380542951153,0.012521736940361364
GNQ,-2.8558006363841777,1.5280104626884052,0.15969119947399807,0.049931439008448916,0.2095457958245423,-0.0315546989303757,-0.022686520741467618,0.0012898207138846277,0.194354548836782,0.03989323886958081,-0.10187194543835543,0.024835169286082804
IDN,-2.8835504677010064,1.6068236377897311,0.13313521633579234,0.03937522548293576,0.3082134869801956,-0.037404579342403876,-0.02417867260846968,0.0010014279906153055,0.256186574071273,0.024790735015722057,-0.07228757365164949,0.015623690943439265
IRN,-2.9909091866740964,1.6730927116749548,0.1442368747808965,0.023059762555016728,0.35201560341186033,-0.04402287133860637,-0.02580046833268226,0.0012752889431972801,0.25345168006245944,0.02016496551396938,-0.0787293663114831,0.014064984259940894
IRQ,-3.0468801120562827,1.6481458331796632,0.15817318808095238,-0.017536041641607974,0.38994452439407973,-0.03657322812553612,-0.028085710189822286,0.0011436021667604406,0.2509991320274082,0.020614959393593268,-0.08248730531799935,0.013187430477693109
KAZ,-2.9849156632493914,1.6831614910599488,0.14824264760520967,0.028563292574223048,0.3226829960530535,-0.03908721152665855,-0.025337910377212,0.0008010393086579704,0.27880502033743626,0.014763795239444263,-0.06726329647136557,0.011614805495313924
KEN,-2.928580777500245,1.5961630649894618,0.146573110927047,0.0322395322551656,0.3403441761534775,-0.03310583354263859,-0.024560387325188535,0.0008204780714924937,0.2572136350994939,0.01617927098580565,-0.07361332086804342,0.012633470806476511
KWT,-2.998323092969221,1.7492284011422512,0.15509499790486903,0.02144231597638884,0.27275920480285953,-0.054745915460439755,-0.027890916659602326,0.0010456762546292731,0.26070197895110747,0.015224594524175558,-0.07636152997381679,0.012008155607249707
LAO,-2.9092073091852932,1.638712774748241,0.15687188003153524,0.037768635415707824,0.31908425645021543,-0.046342081941373264,-0.027326089719668302,0.001017506109511293,0.24302180367109916,0.013605343370356508,-0.07645968535804872,0.011536363090325203
LBR,-2.727117708463677,1.540092207618323,0.12525912272999923,0.03603868129449418,0.3591905553675911,-0.045945252661303795,-0.04008216269358081,0.0012258821268416012,0.22346361722515853,0.017950259723668507,-0.0891510818625585,0.002851567427841163
LBY,-2.9772346548545947,1.6710830183831071,0.13743532670829312,0.01614250062029095,0.379641149575427,-0.04102446470936385,-0.026180816919749664,0.0010844797367220167,0.26300713378121604,0.011076462601922896,-0.07656335952012124,0.013226922228708518
MDG,-2.856293583596244,1.6418616014861265,0.14038703465607366,0.039099996806467106,0.307943255206548,-0.04731650237363433,-0.02745410391201769,0.0009379128243742114,0.2514592532281587,0.02592518344866481,-0.07221217303775031,0.013672499117194453
MLI,-3.0708668261119554,1.747513663026031,0.14828243116337986,0.019587727068185182,0.3465510208990122,-0.04392558394424045,-0.026334241663223054,0.0011179871919733042,0.22452041823887608,0.023599799974434094,-0.09008941206329253,0.014354788166573016
MMR,-2.920780970967785,1.6219110525532485,0.151920721361209,0.022839922059076888,0.3417691388165966,-0.04266620664325026,-0.026926558768489612,0.0010675985051229837,0.2372419221138403,0.018518695337339325,-0.07963676289453875,0.012655218256721489
MNG,-2.9765768166558244,1.7042275593918486,0.16255256765054282,0.05306951659256448,0.3792916624022636,-0.054215317789983807,-0.03290498531713112,0.001575921413121838,0.1998424946315137,0.012024865379578836,-0.11004288008998145,0.008758575346517194
MOZ,-2.899106633671873,1.5986012589313285,0.15062275242378784,0.028082108117035962,0.3508896999655846,-0.04143753059452626,-0.02754549070401805,0.001010410570600885,0.23031614040163134,0.020273937563720305,-0.08998569351702099,0.014391928018987027
MWI,-2.876389663621305,1.668355764595251,0.13394955043207196,0.03479020771623412,0.3561496219116404,-0.04928173573992463,-0.026667726535661865,0.0009285045895566034,0.23834241674215118,0.032718521285601876,-0.07109335797514339,0.013486289916036098
MYS,-2.468279158804418,1.3663161252710339,0.13243503927679634,0.03796685685421264,0.3337378862638214,-0.024591020406236636,-0.03306052815774245,-0.0019015694172982785,0.1705187673136011,0.02602870836423024,-0.12465685047617175,0.016079711205459604
NER,-2.9688993544239923,1.6727311167133891,0.1457834893897842,0.027056711421096693,0.33547604994734226,-0.040274016365604334,-0.02638489271501655,0.000969665230290409,0.20232207734706856,0.02435706668368604,-0.08557864707994757,0.013801075336394684
NGA,-2.8652062788537784,1.567021275360575,0.1497982682233805,0.007328234550072487,0.36310535107696995,-0.03627856746651889,-0.027793731764103335,0.000652237803180053,0.22835813039671768,0.02190753338260237,-0.08018272052566973,0.01477250149029929
OMN,-2.9505032136867664,1.638594544678917,0.14969816531457875,0.02439086349281281,0.35256427030370663,-0.04042405464134328,-0.02658250282160969,0.0009564920222388135,0.24203080129708207,0.022611578411267323,-0.07933920187380052,0.013573949329647065
PNG,-2.8155711059426896,1.617521386620233,0.09206144370717712,0.02630859413132661,0.40410749544139296,-0.0372567674003405,-0.02586621880892142,0.0012779888345299168,0.23814013355402192,0.014072649728871775,-0.06920274407305908,0.010302650876962085
QAT,-2.943483106214336,1.6430829166395222,0.1472780498386228,0.02912730999944177,0.34160394384003595,-0.03947090379943944,-0.026103659868400388,0.0008847030087927574,0.25198199779482233,0.02070737849165815,-0.07551613915781888,0.01323721259902322
RUS,-2.680524235967921,1.3699054532332966,0.14774900940816177,0.05019163355567647,0.3987854363928826,-0.04123722645747373,-0.026330348859302053,0.0014266210618265746,0.16767548968415902,0.028667699274091483,-0.08209838497663038,0.013220549586161721
RWA,-2.9300847538178947,1.634562601522878,0.14765728884102539,0.02703962339717169,0.34537877871051464,-0.040924480547814446,-0.026790429260246065,0.0009276115850149672,0.2380267260879455,0.020274034515565153,-0.08066732229830774,0.013332397757175755
SAU,-2.9185222603301426,1.6353924186481978,0.14982280441478643,0.02432407046338588,0.39960897169507675,-0.056135935694844104,-0.028427115657548123,0.0014715126422713179,0.19959649361051848,0.016359129118246482,-0.08940441031037416,0.01250289557133764
TCD,-2.8770577991823223,1.602619051034466,0.14641990977500569,0.02814006857635628,0.3218333045387264,-0.03549436445413172,-0.025531722158840357,0.0005970853673911708,0.21390059163705405,0.0213335416964417,-0.07853244237964271,0.013792007398195472
TGO,-2.9323557053583613,1.631467272547039,0.14689164944667177,0.024329533403362334,0.3567473865601445,-0.0409512996392907,-0.027450996128774195,0.0009416868584639106,0.23942617205881164,0.02063147720686117,-0.08264096081670486,0.013305008687016942
TTO,-3.0230347345349617,1.6686493385237184,0.14686664122157805,0.014581756107042813,0.39378885400924907,-0.03801942205669509,-0.02573333986522355,0.001066035865650247,0.2725548636929951,0.019944615888420655,-0.07199054070529311,0.013157602530091704
TZA,-2.9220896155160947,1.6322209441939457,0.14594898761337122,0.02352196765283136,0.3670468310551703,-0.04185539229576894,-0.026727642392172672,0.0008705239834212384,0.24724618215649802,0.021717967203456548,-0.07679908331606132,0.013525636686047006
UGA,-2.8756776202235694,1.5698583322842732,0.14712769102469753,0.026225363598878587,0.34621518936089046,-0.03876064683196593,-0.02972622295979643,0.0010288617860230581,0.23824181424771407,0.020567167980925623,-0.09345404462187597,0.014217290473350078
UZB,-2.9916819951100346,1.6580174231096048,0.15384385056580913,0.025816913094481857,0.3727323443888348,-0.04159338614440021,-0.025663751056043817,0.0009765807589151177,0.2474088250651962,0.01778797019998369,-0.07513752779751422,0.011605683387957914
VEN,-2.9477651490428483,1.670007091055204,0.13543618096063703,0.02976718897836638,0.3294714940733937,-0.043060428335455744,-0.025408527686987693,0.0011738300957540668,0.2613541017282389,0.016466830078729077,-0.0750090364257145,0.014365441843614164
VNM,-2.937155629337289,1.622489301077508,0.1451104523470539,0.020755182251308492,0.36302471552155935,-0.03528389238921147,-0.02484425368075216,0.0005686754052991259,0.2532390993672014,0.02262170723885039,-0.07227001132466762,0.01437733435478937
YEM,-2.933723936372909,1.6360572245421308,0.15164906859067917,0.023074059054421163,0.3422619923579457,-0.041988226639138544,-0.02730781679747558,0.0009320088048914775,0.2450234919465716,0.017281149329396707,-0.07653299276829895,0.011920117991020102
ZMB,-2.9257130111666725,1.626540799851691,0.15006618611164926,0.02552505256645716,0.3383333566641415,-0.0413988074426155,-0.027517607477484027,0.0009532161224308662,0.23942316385880227,0.02069991724947577,-0.08416837827415583,0.013889780749535757
ZWE,-2.9185883752205943,1.6003160132219654,0.15739600229437956,0.03427975406166191,0.33273245420530395,-0.038628014352698505,-0.026877119276532732,0.0007922555960939925,0.25246221811907515,0.013749268359081458,-0.08155709952751346,0.012317145391770657
