excluded_country,Total_Production_Value_Per_Capita,Human capital index,Rule of law index,Political stability — estimate,Trade (% of GDP),"Gross fixed capital formation, all, Constant prices, Percent of GDP",Share of investment in GDP,Domestic credit to private sector (% of GDP),Landlocked,Urban population (% of total population),Government revenue,Capital depreciation rate,"Use of IMF credit (DOD, current US$)",Real interest rate (%),"Inflation, consumer prices (annual %)",Access to electricity (% of population),Adjusted savings: gross savings (% of GNI),L1_ECI,Forestry rents (% of GDP),Inflation_roll5,RealRate_roll5,Resource_HHI,HCI_x_ProductionValue,RuleOfLaw_x_ProductionValue
AGO,-0.0,0.009954037788755182,0.0,0.0,-0.0,0.0,0.0,0.07341175766091572,-0.0,0.007915775609205507,-0.0,-0.00043279914548667413,-0.0,-0.0,-0.0,0.018117355799219692,-0.0,0.4806570185661082,-0.0,-0.0,0.0,-0.0,0.01677331276021367,0.0
ARE,-0.0,0.011671276449754837,0.0,0.0,-0.0,0.0,0.0,0.07183654358044207,-0.0,0.00876086611689392,-0.0,-0.0,-0.0,0.0,-0.0,0.018561744657780092,-0.0,0.48017618085997055,-0.0,-0.0,0.0,-0.0,0.01916276783851674,0.0
AZE,-0.0,0.014772307068776788,0.0,0.0,-0.0,0.0,0.0,0.07437892100040788,-0.0,0.00925972214979719,-0.0,-0.00010796930852456905,-0.0,0.0,-0.0,0.02109629208393285,-0.0,0.4809507663347188,-0.0,-0.0,0.0,-0.0,0.023758597255824646,0.0
BFA,-0.0,0.015484037375768667,0.0,0.0,-0.0,0.0,0.0,0.07473756725386507,-0.0,0.009468896240225837,-0.0,-0.0010242699184816273,-0.0,0.0,-0.0,0.019699519281780268,-0.0,0.4826106902358763,-0.0,-0.0,0.0,-0.0,0.021699766849856486,0.0
BHR,-0.0,0.01549711822916987,0.0,0.0,-0.0,0.0,0.0,0.07184378956587795,-0.0,0.012295227198691366,-0.0,-0.0,-0.0,0.0,-0.0,0.015282408016840662,-0.0,0.47270906990521144,-0.0,-0.0,0.0,-0.0,0.021556056565771597,0.0
BOL,-0.0,0.017787464819638357,0.0,0.0,-0.0,0.0,0.0,0.07749644816160903,0.0,0.008667120664781001,-0.0,-7.140506201798746e-05,-0.0,0.0,-0.0,0.017874827742058723,-0.0,0.48149176108660646,-0.0,-0.0,0.0,-0.0,0.021943266540079744,0.0
CHL,-0.0,0.017334284719195816,0.0,0.000808949397426068,-0.0,0.0,0.0,0.08306265154565856,-0.0,0.01173832223871675,-0.0,-0.0063999193160646254,-0.0,0.0,-0.0,0.0179836163112269,-0.0,0.4762130269899007,-0.0,0.0,0.0,0.0,0.0280548017034297,0.0
CIV,-0.0,0.01481350296749452,0.0,0.0,-0.0,0.0,0.0,0.07578272627222261,-0.0,0.009520564169978764,-0.0,-0.0011957513635684964,-0.0,0.0,-0.0,0.01865796668222157,-0.0,0.4837489218480689,-0.0,-0.0,0.0,-0.0,0.02166136149783773,0.0
CMR,-0.0,0.01344934678390532,0.0,0.0,-0.0,0.0,0.0,0.07551855430483566,-0.0,0.010256832353951794,-0.0,-0.0026906931650515047,-0.0,0.0,-0.0,0.020420318075302844,-0.0,0.4825310480067863,-0.0,-0.0,0.0,-0.0,0.023790949492919055,0.0
COG,-0.0,0.017845033858541245,0.0,0.0,-0.0,0.0,0.0,0.07375426832394703,-0.0,0.00921700141607051,-0.0,-0.0042313157132140835,-0.0,0.0,-0.0,0.01656270222814145,-0.0,0.47652467577077645,-0.0,-0.0,0.0,-0.0,0.02189197410003241,0.0
DZA,-0.0,0.011137886468972555,0.0,0.0,-0.0,0.0,0.0,0.07386402775973556,-0.0,0.009402760213502944,-0.0,-0.0021498133924168408,-0.0,0.0,-0.0,0.02399707257259197,-0.0,0.4821979539139423,-0.0,-0.0,0.0,-0.0,0.021629480272172614,0.0
ECU,-0.0,0.01578516049413715,0.0,0.0,-0.0,0.0,0.0,0.07503134061650821,-0.0,0.009305938122929543,-0.0,-0.004009002047561444,-0.0,0.0,-0.0,0.022071971832639557,-0.0,0.48355091006458367,-0.0,-0.0,0.0,-0.0,0.02425514080348286,0.0
EGY,-0.0,0.014797159575624667,0.0,0.0,-0.0,0.0,0.0,0.0747695875165384,-0.0,0.007742895040320466,-0.0,-0.0035068603946713157,-0.0,0.0,-0.0,0.018207600844473322,-0.0,0.4805098766014002,-0.0,-0.0,0.0,-0.0,0.023146757709546325,0.0
ETH,-0.0,0.011015411960116748,0.0,0.0,-0.0,0.0,0.0,0.0760111059662309,-0.0,0.009079545924851913,-0.0,-0.0014051555648718268,-0.0,0.0,-0.0,0.019844826976839373,-0.0,0.47894401283262855,-0.0,-0.0,0.0,-0.0,0.02512937058641479,0.0
GAB,-0.0,0.01334618559391011,0.0,0.0,-0.0,0.0,0.0,0.07434983470840505,-0.0,0.008892256148544043,-0.0,-0.0011061928525930834,-0.0,0.0,-0.0,0.019217888076124526,-0.0,0.48434434347895766,-0.0,-0.0,0.0,-0.0,0.021520607083793917,0.0
GHA,-0.0,0.012925176524397383,0.0,0.0,-0.0,0.0,0.0,0.07546069795887668,-0.0,0.009259503223046977,-0.0,-0.0013160956559373725,-0.0,0.0,-0.0,0.019768230507588833,-0.0,0.4837731437297309,-0.0,-0.0,0.0,-0.0,0.02190754034996035,0.0
GIN,-0.0,0.015395442219167287,0.0,0.0,-0.0,0.0,0.0,0.07434704920568565,-0.0,0.010093214314781737,-0.0,-0.0017750244474412466,-0.0,0.0,-0.0,0.016557927616566808,-0.0,0.4783726844843594,-0.0,-0.0,0.0,-0.0,0.022362315169528805,0.0
GNQ,-0.0,0.015362669098309835,0.0,0.0,-0.0,0.0,0.0,0.07120362411658498,-0.0,0.007684461038574274,-0.0,-0.0,-0.0,0.0,-0.0,0.019785880965558705,-0.0,0.4769181820216604,-0.0,-0.0,0.0,-0.0,0.020910512670321076,0.0
IDN,-0.0,0.013951095993700908,0.0,0.0,-0.0,0.0,0.0,0.07681974227722432,-0.0,0.0026544662099314783,-0.0,-0.0012913504119973522,-0.0,0.0,-0.0,0.01957118088514715,-0.0,0.47963435247476466,-0.0,-0.0,0.0,0.0,0.024064192740494737,0.0
IRN,-0.0,0.014381464411231344,0.0,0.0,-0.0,0.0,0.0,0.07647924293461711,-0.0,0.009950317185291213,-0.0,-0.0002962796134672277,-0.0,0.0,-0.0,0.018034841771491863,-0.0,0.48313878413943956,-0.0,-0.0,0.0,-0.0,0.022583941051347697,0.0
IRQ,-0.0,0.0086281223781364,0.0,0.0,-0.0,0.0,0.0,0.06044323377858689,-0.0,0.012230911007847504,-0.0,-0.005289312144791722,-0.0012183716576410063,0.0,-0.0,0.025258369033984686,-0.0,0.5061099374426679,-0.0,0.0,-0.0,0.0,0.022674747696924232,0.0
KAZ,-0.0,0.010149731756298347,0.0,0.0,-0.0,0.0,0.0,0.07568624116072759,-0.0,0.009009908617033359,-0.0,-0.0,-0.0,0.0,-0.0,0.018452634812634875,-0.0,0.4791013619923886,-0.0,-0.0,0.0,-0.0,0.018884438245168216,0.0
KEN,-0.0,0.00877220076099557,0.0,0.0,-0.0,0.0,0.0,0.07439801138964038,-0.0,0.00831175916924896,-0.0,-0.0003448067124213168,-0.0,0.0,-0.0,0.02729027302935858,-0.0,0.4789859688270039,-0.0,-0.0,0.0,-0.0,0.023540305332579645,0.0
KWT,-0.0,0.0149223476910657,0.0,0.0,-0.0,0.0,0.0,0.06976163267574369,-0.0,0.010016408286671209,-0.0,-0.0017417042555535243,-0.0,-0.0,-0.0,0.01770852916952364,-0.0,0.4833649793330842,-0.0,-0.0,0.0,-0.0,0.022412424231737414,0.0
LAO,-0.0,0.012333023034344767,0.0,0.0,-0.0,0.0,0.0,0.07474598986652334,-0.0,0.009006492381601694,-0.0,-0.0,-0.0,0.0,-0.0,0.020474844677893213,-0.0,0.48236222218790703,-0.0,-0.0,0.0,-0.0,0.02239216196364868,0.0
LBR,-0.0,0.010098489376636138,0.0,0.005749916734806445,-0.0,0.0,0.0,0.0766205207573116,0.0,0.012558706117433135,-0.0,-0.005450186389218164,-0.0,-0.0,-0.0,0.026558439562979496,-0.0,0.4792250071313183,-0.0,0.0,0.0,-0.0,0.021459986130611175,0.0
LBY,-0.0,0.012260537866009667,0.0,0.0,-0.0,0.0,0.0,0.07256681622462581,-0.0,0.0074742309185515665,-0.0,-5.9660531861133925e-05,-0.0,0.0,-0.0,0.018972315486891406,-0.0,0.483938953150098,-0.0,-0.0,0.0,-0.0,0.01928259797067636,0.0
MDG,-0.0,0.01300827360859419,0.0,0.0,-0.0,0.0,0.0,0.07507221075510091,-0.0,0.009288255580389183,-0.0,-0.0013848503646761987,-0.0,0.0,-0.0,0.019541217878086842,-0.0,0.48277746915865516,-0.0,-0.0,0.0,-0.0,0.022909278726046173,0.0
MLI,-0.0,0.016225572580243885,0.0,0.0,-0.0,0.0,0.0,0.07451286297143743,-0.0,0.008175587225527931,-0.0,-0.005458341928837515,-0.0,0.0,-0.0,0.01973709175946241,-0.0,0.48322973892172794,-0.0,-0.0,0.0,-0.0,0.021433585290055856,0.0
MMR,-0.0,0.01128141994790578,0.0,0.0,-0.0,0.0,0.0,0.0749367665711454,-0.0,0.010379065463284785,-0.0,-0.0,-0.0,0.0,-0.0,0.021369696653217453,-0.0,0.47753998524607555,-0.0,-0.0,0.0,-0.0,0.022425866238178882,0.0
MNG,-0.0,0.021340760847497323,0.0,0.0044833413600778435,-0.0,0.0006863441413835745,0.0,0.078190040797164,0.0,0.01141719325901051,-0.0,-0.005274568459634237,-0.0,0.0,-0.0,0.01871007433258954,-0.0,0.47778442751096567,-0.0,0.0,0.0,-0.0,0.026996709719628663,0.0
MOZ,-0.0,0.012313125129871233,0.0,0.0,-0.0,0.0,0.0,0.07585344344885929,-0.0,0.010017136326367982,-0.0,-0.0026186478644444166,-0.0,0.0,-0.0,0.01952619804000854,-0.0,0.48527405077373303,-0.0,-0.0,0.0,-0.0,0.021725547359299054,0.0
MWI,-0.0,0.012965106723695186,0.0,0.0,-0.0,0.0,0.0,0.0750026279959677,-0.0,0.01017021302938732,-0.0,-0.0028185645690082246,-0.0,0.0,-0.0,0.020576039935682494,-0.0,0.48296497047260306,-0.0,-0.0,0.0,-0.0,0.024853069393149657,0.0
MYS,-0.0,0.011570561133599125,0.0,0.0,-0.0,0.0,0.0,0.05839882674828098,-0.0,0.009263624556609217,-0.0,-0.002468996280710283,-0.0,0.0,-0.0,0.02091062068742823,-0.0,0.4585102522740958,-0.0,-0.0,0.0,0.0,0.021787515818990882,0.0
NER,-0.0,0.01652214526050023,0.0,0.0,-0.0,0.0,0.0,0.074622266568109,-0.0,0.009424553705936171,-0.0,-0.0,-0.0,0.0,-0.0,0.019088116020018957,-0.0,0.4835230530949241,-0.0,-0.0,0.0,-0.0,0.01818316767006342,0.0
NGA,-0.0,0.009729033291461608,0.0,0.00216083513619267,-0.0,0.0,0.0,0.07987175957700843,-0.0,0.02711789138995013,-0.003856301250213379,-0.008643985152871004,-0.0,0.0,-0.0,0.02264098839960286,-0.0,0.45923109395382145,-0.0,-0.0,0.0,0.0,0.022742760110170377,0.0
OMN,-0.0,0.012114794839557137,0.0,0.0,-0.0,0.0,0.0,0.07518456606445041,-0.0,0.009225907874241665,-0.0,-0.001549897084745955,-0.0,0.0,-0.0,0.020070813872444332,-0.0,0.4844720683209218,-0.0,-0.0,0.0,-0.0,0.021437508148666597,0.0
PNG,-0.0,0.014191018960206817,0.0,0.0,-0.0,0.0,0.0,0.07818075008673264,-0.0,0.008818874950551463,-0.0,-0.002151579008823477,-0.0,-0.0,-0.0,0.014151081722844128,-0.0,0.47447295038859205,-0.0,-0.0,0.0,-0.0,0.01892644552859894,0.0
QAT,-0.0,0.01363773617886553,0.0,0.0,-0.0,0.0,0.0,0.07616910745264052,-0.0,0.010611806064963883,-0.0,-0.005170657406135482,-0.0,0.0,-0.0,0.01915146732446109,-0.0,0.4832066387611093,-0.0,-0.0,0.0,-0.0,0.02286434949810387,0.0
RUS,-0.0,0.0004171326970356571,0.0,0.009698220631105429,-0.0,0.00693741758876718,0.0,0.08742359064855554,0.0,0.0,-0.015655350760820093,-0.003947467544394121,-0.0,0.0,-0.0,0.03898007116389085,-0.0018317417926033595,0.4472599512809566,-0.0,0.0,0.0,0.0,0.026296617827884068,0.0
RWA,-0.0,0.01234550293164767,0.0,0.0,-0.0,0.0,0.0,0.07412148333537144,-0.0,0.008984799720170926,-0.0,-0.0008725270582509056,-0.0,0.0,-0.0,0.019276176987419777,-0.0,0.4841135603532503,-0.0,-0.0,0.0,-0.0,0.022235177995365667,0.0
SAU,-0.0,0.013851955882683498,0.0,0.0,-0.0,0.0,0.0,0.07920548393983501,-0.0,0.008590834186515243,-0.0,-0.0030182119305247838,-0.0,0.0,-0.0,0.012398678738097687,-0.0,0.46100459054032067,-0.0,-0.0,0.0,-0.0,0.017248460931212555,0.0
TCD,0.0,0.014720211340035073,0.0,0.0,-0.0,0.0,0.0,0.07100737235808055,-0.0,0.008590589190449823,-0.0,-0.0,-0.0,-0.0,-0.0,0.011313417616610477,-0.0,0.4848997328905309,-0.0,-0.0,-0.0,-0.0,0.010291372172295876,0.0
TGO,-0.0,0.012771104890410919,0.0,0.0,-0.0,0.0,0.0,0.07509888353468092,-0.0,0.009798244305415657,-0.0,-0.0004174698936078888,-0.0,0.0,-0.0,0.020661910780043403,-0.0,0.48216358575019563,-0.0,-0.0,0.0,-0.0,0.02259260898247313,0.0
TTO,-0.0,0.011982337479310778,0.0,0.0,-0.0,0.0,0.0,0.07546384022772323,-0.0,0.010930568491939461,-0.0,-0.0008941439259371682,-0.0,-0.0,-0.0,0.019128777455873425,-0.0,0.47919351161351675,-0.0,-0.0,0.0,-0.0,0.02176499440933979,0.0
TZA,-0.0,0.012677592148623778,0.0,0.0,-0.0,0.0,0.0,0.07509010464965034,-0.0,0.009161035709362143,-0.0,-0.001148313904774454,-0.0,0.0,-0.0,0.021289825787361747,-0.0,0.4830043066019272,-0.0,-0.0,0.0,-0.0,0.0222476288070165,0.0
UGA,-0.0,0.010287004261787861,0.0,0.0,-0.0,0.0,0.0,0.07566194956351202,-0.0,0.009565128173195004,-0.0,-0.0008238654503625368,-0.0,0.0,-0.0,0.0244684551226333,-0.0,0.4823605157886153,-0.0,-0.0,0.0,-0.0,0.02349885859497576,0.0
UZB,-0.0,0.013698591910592348,0.0,0.0,-0.0,0.0,0.0,0.0779248700926472,-0.0,0.010327186494349012,-0.0,-0.0003290441843453798,-0.0,0.0,-0.0,0.0170151712436912,-0.0,0.4826789324036604,-0.0,-0.0,0.0,-0.0,0.022889682372384736,0.0
VEN,-0.0,0.016442318470556452,0.0,0.0,-0.0,0.0,0.0,0.08262720633372313,-0.0,0.011920632625032531,-0.0,-0.000760773207459899,-0.0,0.0,-0.0,0.015155703292232876,-0.0,0.4729232395209197,-0.0,0.0,0.0,-0.0,0.02644733135974829,0.0
VNM,-0.0,0.012577491540081115,0.0,0.0,-0.0,0.0,0.0,0.07528173849075803,-0.0,0.009581974425167207,-0.0,-0.0012931491528752974,-0.0,0.0,-0.0,0.019473554450681708,-0.0,0.48244883389935833,-0.0,-0.0,0.0,-0.0,0.022061588671702666,0.0
YEM,-0.0,0.010089912512864504,0.0,0.0,-0.0,0.0,0.0,0.07520672321344729,-0.0,0.00949908267851553,-0.0,-0.004528298490025529,-0.0,0.0,-0.0,0.022855236719215816,-0.0,0.4818044638000137,-0.0,-0.0,0.0,-0.0,0.022672630369553488,0.0
ZMB,-0.0,0.00762818320912545,0.0,0.0,-0.0,0.0,0.0,0.0762736303905278,-0.0,0.010183038118883098,-0.0,-0.0001826312234973537,-0.0,0.0,-0.0,0.026863470914111738,-0.0,0.48227475626300387,-0.0,-0.0,0.0,-0.0,0.024464370500410493,0.0
ZWE,-0.0,0.010411823646648478,0.0,0.0,-0.0,0.0,0.0,0.0747714229390088,-0.0,0.008875958578598877,-0.0,-0.0,-0.0,0.0,-0.0,0.022650934934534298,-0.0,0.48111504869033467,-0.0,-0.0,0.0,-0.0,0.02213022828238736,0.0
