excluded_country,const,log_HCI,log_GFCF,Political stability — estimate,Rule of law index,log_Production_Value,Forestry rents (% of GDP),Trade (% of GDP),log_HCI_x_log_Production,log_GFCF_x_log_Production,log_HCI_x_forestry_rents,log_GFCF_x_forestry_rents,ECI_lag1
AGO,-0.5349230658695783,0.2665541410567307,0.036195854582035045,0.011096976558100671,0.058822938071304114,-0.008314985518923613,-0.005000773779679588,0.0003093422309197862,0.04078992201962099,0.009193233552412125,-0.02432418321922243,0.006534910343973905,0.8116239858803973
ARE,-0.5429869519695738,0.2716930391750887,0.036363439129291734,0.011730649553731806,0.05851983911239185,-0.008506964611683581,-0.005079350842964441,0.00032104788857201846,0.042031131510295736,0.009192183628517635,-0.02421543486363345,0.006489946127688256,0.8082704052650025
AZE,-0.5609837859309045,0.28780964132209075,0.03704301491410503,0.01342595536825247,0.05185525064303584,-0.008538362337522955,-0.005061527943665038,0.0002994086206767094,0.04793699262719259,0.007999015123812615,-0.023559881418163994,0.006175359058692921,0.8045265552412513
BFA,-0.5487879605108307,0.27848218634134614,0.03579854909155455,0.011538048128934254,0.05720240415847705,-0.008778027750791707,-0.005038751598400077,0.0003302250821000087,0.044498669266579624,0.009470956403400212,-0.022785908766082066,0.006400670308782285,0.8077882683311094
BHR,-0.5617356081317512,0.2936731753262423,0.03619992205783128,0.014931413711000326,0.06874963868313902,-0.00858116527622577,-0.004524219886843921,8.555784984295924e-05,0.043892447528869304,0.007438138090096491,-0.02195200873424455,0.00649745746192309,0.7995459236459177
BOL,-0.5601475030743889,0.2926209109478529,0.037390265101387495,0.012844584530288593,0.06087339821695076,-0.009706377964324001,-0.0058817592425457425,0.00030156921586077816,0.03769179305626674,0.008792138429005635,-0.028826634097441906,0.006583125244065033,0.8033526825852709
CHL,-0.568351855956551,0.28758456414804545,0.03744108883346764,0.01188950550881077,0.07417765122155194,-0.008537021961764452,-0.005157411756249908,0.0002945082413613081,0.04335331856220455,0.00877512730580024,-0.02476123044973859,0.006304906971539978,0.8050321361908578
CIV,-0.5490570341840489,0.2767251000326767,0.03702531257587083,0.01293279673521043,0.0558307117477601,-0.008664116159046074,-0.005105434666106055,0.00032154185334061427,0.04077618893342538,0.008836938116656158,-0.025235950995801587,0.006385503978548826,0.8070558901442152
CMR,-0.5407131249563195,0.27360447092407486,0.0366867327398901,0.01202987566361157,0.054582153777048406,-0.008853379265445188,-0.005181504558880513,0.0003076855638113971,0.04244257935103589,0.009025570708009398,-0.023912048819623638,0.006412361597532527,0.8078404212148229
COD,-0.5286162369433257,0.25776557667733624,0.04097528651065182,0.01386845311604254,0.060356294986573744,-0.010134662181666976,-0.0066908718652464606,0.0003486107495825464,0.03899712100909831,0.011988286664235917,-0.029838403787530207,0.010003076081902068,0.8092347596104741
COG,-0.56462546130514,0.2722808774456243,0.037135413649568134,0.006336025926068224,0.06156404266300337,-0.007838262459334847,-0.004666968193972023,0.00046835438522130747,0.042305260275259826,0.010274101160186344,-0.022923052200676447,0.006933421934485288,0.8064171341391202
DZA,-0.5430570593688857,0.2705384989146075,0.037211491301243925,0.011382593709291997,0.05742483999165982,-0.008341140022846652,-0.0052086411608091975,0.0003138293421649541,0.04079988743306341,0.00949798365583842,-0.024808744758788415,0.006452126703620784,0.8082457926625184
ECU,-0.5661237936354442,0.2930997548668274,0.039782454713732006,0.012431247797936432,0.06005344259392226,-0.00958282493357273,-0.00586768171810057,0.0002737455346618889,0.03865315546777097,0.008645338204837764,-0.02792050052730312,0.006170685825532259,0.8029995734961531
EGY,-0.5734619623938869,0.2812712558277739,0.03861738820861892,0.012891304685580127,0.058130518367575976,-0.00849705512060046,-0.004452876637399904,0.0003894686452513798,0.05163004968905104,0.008026937122912435,-0.019808477492652965,0.00565954358766805,0.8030203240985645
ETH,-0.5419655786361082,0.2676820494284914,0.03793256817946524,0.011673751696486864,0.059113629272027304,-0.00891658587283881,-0.005334630768212388,0.00033095259604372536,0.04020412171125351,0.008740890461293734,-0.028838551303305343,0.006689816633564872,0.8071483332172539
GAB,-0.5565832319521772,0.28403380977056825,0.03558886080868078,0.012954423724161276,0.05394437907949051,-0.007586449682210918,-0.004287207792992147,0.00029595448712331756,0.04940084423419232,0.008080297883262423,-0.019181848945505175,0.00606200685584695,0.8081887113135016
GHA,-0.5608698660043877,0.2838072479192717,0.03687727170139249,0.012128943431993375,0.06286951467059314,-0.00863765876042059,-0.004524178226502423,0.00033660917962905596,0.04322279238487743,0.00865132075824027,-0.021554337615730404,0.006380007898809753,0.8066395783027237
GIN,-0.5359158540982756,0.2682299926217545,0.035618451304949075,0.012405900421192752,0.052796376913892995,-0.00811548994973963,-0.004638638743754207,0.0003208754627727281,0.0400401826047441,0.00944972881241089,-0.024231177508162643,0.0065547006880546325,0.8093277846436858
GNQ,-0.5466213859172738,0.2700917948997067,0.03843871815699765,0.016519443505517817,0.03116788555183497,-0.00762068925354268,-0.004697368865521167,0.00039842245120551734,0.04152756522058264,0.011205661601002701,-0.02475599818421588,0.007427724152058101,0.8035972171669766
IDN,-0.5420130856514809,0.2716352239820232,0.03343317722447563,0.015368652864359338,0.04825687825341397,-0.007919238270483298,-0.004562146344961985,0.00034675551046442997,0.04730087493834877,0.010319473787152885,-0.022751707135042876,0.007101109820402667,0.8045525685899813
IRN,-0.5658514963704354,0.2857494657673656,0.035738121304991405,0.011696324052738821,0.06037055939926618,-0.009689620308903774,-0.004909784761035889,0.00043712161001044,0.046181621444169,0.009153117878555446,-0.024248744729297583,0.00666458299170195,0.8053427896298527
IRQ,-0.4886178205978597,0.2228846889074959,0.033517923118607844,-0.0035055655401619312,0.06553011974155162,-0.007214551434875167,-0.005026774250592058,0.0005230989898458273,0.03840050538315411,0.008569968816352923,-0.023344815174893785,0.006175324455218993,0.8379173632613414
KAZ,-0.5548220954845756,0.28566551597230866,0.036584038613954234,0.013758097056573309,0.05094243363680567,-0.008717554690628376,-0.005079382432279652,0.0003072696894478587,0.048176986741005234,0.008026279156701068,-0.023330334356929855,0.0061631422289463375,0.8063609151829855
KEN,-0.548131161263657,0.26739774135062494,0.036248827782223964,0.01300048527702008,0.056454363940325394,-0.007122420957457999,-0.004665155846818088,0.0003166730956897114,0.04705894106131306,0.008438536160131278,-0.022774181096053905,0.006330816651150715,0.8065775007197163
KWT,-0.5698275574860252,0.30511898388402336,0.03812491563384241,0.01043650468443421,0.04242873689643559,-0.0117991305198408,-0.005391058390897185,0.00035922897056821104,0.04966742449660294,0.007548555436720447,-0.023108816014856814,0.00610002585217141,0.805174067038944
LAO,-0.5485584011715748,0.2769199273096705,0.03811554279201743,0.012624951760619996,0.05623257886703305,-0.009572068409324772,-0.0052487221894233944,0.0003562090221770261,0.04367874615616379,0.008079287710402394,-0.023734857258264935,0.0061614355941008135,0.8066548334788592
LBR,-0.5057567876174696,0.2653283669832893,0.029713598164462854,0.014120027255453926,0.06084022624026675,-0.010669798753646726,-0.008065558401057138,0.0004101377282101957,0.04400830892985053,0.00786349439463739,-0.021369833960322437,0.0026406010974257717,0.8062924387980688
LBY,-0.5253589308419994,0.261141124331989,0.03413228530023834,0.012057309649318518,0.05831294157316874,-0.007727967490390258,-0.004785269956817345,0.0003237648145305791,0.04399664705977977,0.006744677055474822,-0.02244111022790035,0.006007956309650047,0.8132106894555744
MDG,-0.5341017792365836,0.2793025261744127,0.03518738435945472,0.014931368889301036,0.04947007883175071,-0.010343509021307415,-0.005359776100731793,0.0003329401196583477,0.04583202347099174,0.010355451874437423,-0.022600556467256838,0.006529413012811254,0.8054642305933073
MLI,-0.5789655160297472,0.30074718349414126,0.03683652522422786,0.011266839943403398,0.05742385438561094,-0.009396367511587681,-0.005050342304216308,0.00036486806165620766,0.0393556467922198,0.009755707399879767,-0.026780803813986065,0.006666848215430801,0.806234935992524
MMR,-0.5487298296191908,0.27374800321688336,0.03746877886306818,0.0110655804760868,0.05876918022510805,-0.008953139103695076,-0.0051977253144034445,0.0003517447655624524,0.04195382345983119,0.00891127067736011,-0.024610642831544766,0.0063812206399833996,0.8060799935690233
MNG,-0.5990735760315633,0.3130532870753884,0.04238691037351128,0.018282737378462414,0.07119568223891498,-0.012660614672589207,-0.0071073573611320495,0.0005212610966568618,0.03578324162589936,0.007407785110910249,-0.033444690407947036,0.005390436435617348,0.7931294144252393
MOZ,-0.5183928878618727,0.246033517460719,0.037607712638309865,0.012415306617866523,0.06195114817268412,-0.008550497190491516,-0.005517019620276727,0.00036366793474522374,0.03581586002948407,0.009261769653552628,-0.030382511599231735,0.007092855483214645,0.8095788908235827
MWI,-0.5402468058446953,0.284068935769513,0.033545906373457515,0.013283192381078904,0.06155070658953495,-0.010283647261977315,-0.004944128216151496,0.00033153988449457464,0.042442934853532746,0.011445957619666368,-0.022058311616812265,0.006218190964483271,0.8069332017075884
MYS,-0.5062278506624615,0.24845828095684286,0.036482398389173595,0.015271134631462686,0.06273979747130501,-0.005649838419996958,-0.007024540959832119,-0.00030518065237975563,0.03135313133629955,0.011046221572240517,-0.036697175844738944,0.007559698373875091,0.7849558713511879
NER,-0.5363284481287312,0.2683219450677657,0.03635146852973446,0.011988688879251079,0.05548343559127701,-0.008550229522841592,-0.005069467012846161,0.0003370724948481077,0.037661274634741074,0.009540395041274553,-0.02585786527395746,0.006747224705947113,0.8113464047538228
NGA,-0.5438689671418648,0.26952689508388217,0.03693998848105516,0.009400900247596135,0.06208409255844918,-0.00824524857560793,-0.005346802812324995,0.0002963314823167052,0.041499104647667526,0.009320307818624047,-0.024129029560356632,0.006583711881689654,0.8053381024438249
OMN,-0.5418051667737773,0.27004365238640016,0.036403724573542205,0.01252025281427449,0.05953653255091222,-0.008369740141115013,-0.005109488519822275,0.00032248597497136104,0.04128913333350642,0.009365463158391365,-0.024552705376914563,0.006489374704193232,0.8079267858397055
PNG,-0.556480240855785,0.28144913372258634,0.03840496342002105,0.010716720754857724,0.056278977870046765,-0.008976990425906033,-0.005122286259285487,0.00031109574148197874,0.04235626093061298,0.010176384934253086,-0.02522681993340195,0.007217032716861268,0.8083779273151063
QAT,-0.5485935010364112,0.275895921624433,0.03629836463185205,0.011331342508387063,0.05836455265272598,-0.008560137829232133,-0.005027420795733936,0.00032861911544483657,0.044915253102794095,0.008849048505117967,-0.02346019899098381,0.00639999948518153,0.8081530411690243
RUS,-0.5350960315801812,0.24036805336113792,0.038587383731973256,0.017441491922494043,0.0736001519355346,-0.00907939132324917,-0.005260856288953463,0.000446411111423315,0.032655386633979794,0.010953502193427772,-0.02494095516212959,0.006482115188369698,0.7937023978336397
RWA,-0.5381100222551657,0.27109211912662223,0.03547030362492511,0.010637992732370677,0.059143015077983065,-0.008929336186231887,-0.005107523105775941,0.00032836803555223823,0.045125908905646724,0.009922678015398081,-0.023231013619012947,0.00653180464389745,0.8097041491426746
SAU,-0.5788186544758915,0.2941020218294983,0.03860353816813479,0.012182537893053597,0.07445475906934712,-0.012479913144668703,-0.005882632379284554,0.0004581752046224516,0.03597514184171975,0.008185624745537141,-0.027814627857724983,0.006361469583808166,0.7942582807222711
TCD,-0.48733884814278844,0.23054717107146322,0.03570096706744413,0.011770133637981815,0.05795383952581944,-0.0052034815857005395,-0.00423852629358151,0.0001965411799063504,0.017379485792325594,0.008727860395396964,-0.025648199969078522,0.0066490852258587725,0.8237219982747696
TGO,-0.5484404273030696,0.2750998892061054,0.03647964346234916,0.011254312411206668,0.06054572341509128,-0.00879323487857406,-0.005300485088992767,0.00033329638855195923,0.04265855917894394,0.009149785119707408,-0.024784107294172297,0.0064188088063773015,0.8069893533596981
TTO,-0.5679942406967876,0.2817360914473339,0.036116096573427764,0.008947393995395462,0.07032281003000015,-0.008004507018893783,-0.00493449386287873,0.00036597243701200926,0.049892841919009334,0.008906773586927432,-0.022652739265354077,0.006432902909668557,0.8066134415419038
TZA,-0.5400279721040172,0.2706637179790693,0.036043336036247084,0.011376972801663554,0.059124016395527945,-0.00864185916659171,-0.0050897613001952054,0.0003234965182458962,0.042373248249278364,0.009419326108974332,-0.024162436070662263,0.006495660010282081,0.8093176735623392
UGA,-0.5347290722502385,0.2605781309227538,0.0366767054345809,0.011905655161559187,0.05847856351836693,-0.00840605557650813,-0.005989892103795447,0.0003536933007421294,0.041325330916939164,0.00925539759705545,-0.028007135181856546,0.006708957711336952,0.8066067543007813
UZB,-0.562425683118636,0.28246353593185314,0.037827968452062946,0.011799249063456654,0.06281360336695882,-0.009040614358712704,-0.00509452852843811,0.00034328947423915564,0.04367973020052316,0.008811835354913627,-0.024291244985833238,0.006219569189933924,0.8053170501092985
VEN,-0.5717152070288494,0.29405862507702785,0.036564761244047214,0.011128226091827838,0.05276708823813278,-0.009091292959307476,-0.005127011884592934,0.00035106353768432153,0.0482730596135196,0.009270992816529494,-0.02423374636873564,0.006759491256530436,0.8025435204712499
VNM,-0.5567551569049207,0.27324907313117225,0.03606935931039558,0.008881294628065528,0.06670418197874403,-0.006788152361438731,-0.004535971992977719,0.00022231958121491247,0.04709094722572247,0.01005649749050905,-0.022225571787241327,0.0068809738357798736,0.8062143862480584
YEM,-0.5478648606995369,0.2768484429019775,0.03657466458736072,0.011234109734594967,0.058454144133393754,-0.008967115464533354,-0.005233282702724553,0.00033197466935513714,0.042338140875656155,0.009020474753727498,-0.024823034964698495,0.006488732626456508,0.8077827134465344
ZMB,-0.5493535212285228,0.27578227084496726,0.036642653681881084,0.011669397169159261,0.05808607226759216,-0.008458220741268698,-0.004764510257505211,0.00032384701639028056,0.04302033674406855,0.00918872514465775,-0.02300876082039091,0.006596959527752943,0.8082755735639026
ZWE,-0.5373613912204115,0.26719013625419663,0.03558835018117287,0.01246605768026161,0.05943701048579872,-0.008309421558683104,-0.005321547958637847,0.00031368579935218456,0.040709382959916524,0.009966471122673112,-0.0262822570825752,0.006865361224018589,0.8071351335581176
