excluded_country,Total_Production_Value_Per_Capita,Human capital index,Rule of law index,Political stability — estimate,Trade (% of GDP),"Gross fixed capital formation, all, Constant prices, Percent of GDP",Share of investment in GDP,Domestic credit to private sector (% of GDP),Landlocked,Urban population (% of total population),Government revenue,Capital depreciation rate,"Use of IMF credit (DOD, current US$)",Real interest rate (%),"Inflation, consumer prices (annual %)",Access to electricity (% of population),Adjusted savings: gross savings (% of GNI),L1_ECI,Forestry rents (% of GDP),HCI_x_ProductionValue,RuleOfLaw_x_ProductionValue
AGO,-0.0,0.008566534527871232,0.0,0.0,-0.0,0.0,0.0,0.069252166310609,0.0,0.00826220367436333,-0.0,-0.0035824021834078854,-0.0,-0.0,-0.0,0.024195631866726155,-0.0,0.4861084047655321,-0.0,0.012154232631746637,0.0
ARE,-0.0,0.012311126480092995,0.0,0.0,-0.0,0.0,-0.0,0.06651667447164653,0.0,0.00838341015049075,-0.0,-0.0004862629109732167,-0.0,0.0,-0.0,0.020907466276912152,-0.0,0.4868472389074551,-0.0,0.012866542127928754,0.0
AZE,-0.0,0.016475214767634878,0.0,0.0012303269937349256,-0.0,0.0,-0.0,0.06982084028081487,0.0,0.01087233391836811,-0.0,-0.002364599506761246,-0.0,0.0,-0.0,0.02311544816414577,-0.0,0.48750509885037796,-0.0,0.019759117752053086,0.0
BFA,-0.0,0.01667053696203575,0.0,0.0,-0.0,0.0,-0.0,0.06915207335068072,0.0,0.008878960100428941,-0.0,-0.0021470451779766185,-0.0,0.0,-0.0,0.022207930001195576,-0.0,0.48915111106499526,-0.0,0.015366439325900113,0.0
BHR,-0.0,0.015817837320787592,0.0,0.0002967915667399775,-0.0,0.0,-0.0,0.0664345255682785,0.0,0.012006509011920024,-0.0,-0.0,-0.0,0.0,-0.0,0.017591001904038506,-0.0,0.4801516473219966,-0.0,0.015054516232721572,0.0
BOL,-0.0,0.018450119889481188,0.0,0.0,-0.0,0.0,-0.0,0.07212506911765944,0.0,0.008044550259482782,-0.0,-0.001219812442338464,-0.0,0.0,-0.0,0.02040279858017181,-0.0,0.48815094141288323,-0.0,0.015630579940241397,0.0
CHL,-0.0,0.017868839500173837,0.0,0.004353505628216034,-0.0,0.0,-0.0,0.07688543494458883,0.0,0.013142935821251176,-0.0,-0.009121535727276678,-0.0,0.0,-0.0,0.021210735414936576,-0.0,0.48377878587114403,-0.0,0.022828608155536518,0.0
CIV,-0.0,0.01516790571251739,0.0,0.0,-0.0,0.0,0.0,0.07020502196239359,0.0,0.008883411120163387,-0.0,-0.002397138033043459,-0.0,0.0,-0.0,0.02145363408678515,-0.0,0.49047168895291077,-0.0,0.015463242469679518,0.0
CMR,-0.0,0.015257819542080399,0.0,0.004871653989666575,-0.0,0.0,-0.0,0.06982181311686328,0.0,0.012247941500665716,-0.006365449793883436,-0.0066943912225480955,-0.0,0.0,-0.0008916105822401204,0.028652084179234878,-0.0,0.490503657355816,-0.0,0.02174775852484352,0.0
COG,-0.0,0.019211343657242322,0.0,0.0,-0.0,0.0,-0.0,0.06789398056156201,-0.0,0.008397182670705269,-0.0,-0.0052683653931191255,-0.0,0.0,-0.0,0.01799778415904599,-0.0,0.4840258640081768,-0.0,0.015050444368742763,0.0
DZA,-0.0,0.012293687759536077,0.0,0.0,-0.0,0.0,0.0,0.0685547892379673,0.0,0.008952771388564118,-0.0,-0.0031427810622612477,-0.0,0.0,-0.0,0.026141239924359832,-0.0,0.4886194883619737,-0.0,0.01556648449187427,0.0
ECU,-0.0,0.01769223804729124,0.0,0.0028748136162609554,-0.0,0.0,-0.0,0.06967726195054794,0.0,0.01069821750468448,-0.002881476772013467,-0.007459848072369591,-0.0,0.0,-0.0,0.027780290083051617,-0.0,0.49090208781793465,-0.0,0.02123433943081488,0.0
EGY,-0.0,0.014885751612389439,0.0,0.0005687840296233063,-0.0,0.0,0.0,0.06920831955315176,0.0,0.007607547395750505,-0.0,-0.004338587425611476,-0.0,0.0,-0.0,0.021146784924752728,-0.0,0.48742033348089403,-0.0,0.016563448456201176,0.0
ETH,-0.0,0.012313056916160131,0.0,0.0,-0.0,0.0,-0.0,0.07018346481920135,0.0,0.008320309407667635,-0.0,-0.002314994956720739,-0.0,0.0,-0.0,0.02230750523243219,-0.0,0.4856779217655101,-0.0,0.01847325416519253,0.0
GAB,-0.0,0.014424466248465405,0.0,0.0016318040676218273,-0.0,0.0,-0.0,0.06861336865550757,0.0,0.009658735835232673,-0.0,-0.0037200677513877655,-0.0,0.0,-0.0,0.02286619223494276,-0.0,0.49147771126131173,-0.0,0.0168262327218494,0.0
GHA,-0.0,0.013812868217434262,0.0,0.0,-0.0,0.0,-0.0,0.06989163721831647,0.0,0.008704163592253697,-0.0,-0.002358037147910933,-0.0,0.0,-0.0,0.02220646042667148,-0.0,0.490269631749158,-0.0,0.015621938092866541,0.0
GIN,-0.0,0.015657438190736932,0.0,0.0,-0.0,0.0,-0.0,0.06826310740484805,-0.0,0.008387454273115217,-0.0,-0.0018013026948021913,-0.0,0.0,-0.0,0.018203860939499588,-0.0,0.484295417215287,-0.0,0.01409253042955587,0.0
GNQ,-0.0,0.015653240018710393,0.0,0.0016123336687916716,-0.0,0.0,0.0,0.06534670400461201,-0.0,0.008009394973200678,-0.0,-0.0,-0.0,0.0,-0.0,0.022132103577206658,-0.0,0.48277204306627103,-0.0,0.014541110981612669,0.0
IDN,-0.0,0.01427332296404157,0.0,0.0010223750933875894,-0.0,0.0,-0.0,0.07083311702954867,0.0,0.004230555020388388,-0.0,-0.0023555006410672045,-0.0,0.0,-0.0,0.02194623108742596,-0.0,0.4864697598470882,-0.0,0.01735787274687742,0.0
IRN,-0.0,0.015013190714115405,0.0,0.0,-0.0,0.0,-0.0,0.07099732068239148,0.0,0.009439075764828447,-0.0,-0.0014238281598808347,-0.0,0.0,-0.0,0.020626600461100753,-0.0,0.4899114823270813,-0.0,0.01631153238881994,0.0
IRQ,-0.0,0.01239608629949284,0.0,0.0,-0.0,0.0,0.0,0.05625672446332184,-0.0,0.011702270934480612,-0.0,-0.0038647298811176137,-0.0,0.0,-0.0010214712835456487,0.025285715971766785,-0.0,0.5098499520067467,-0.0,0.017660516509746954,0.0
KAZ,-0.0,0.01043710151095305,0.0,0.0,-0.0,0.0,0.0,0.07008642128857238,-0.0,0.008983424717790693,-0.0,-8.396738375393231e-05,-0.0,0.0,-0.0,0.020826488132169224,-0.0,0.4853005670017098,-0.0,0.01288831204968627,0.0
KEN,-0.0,0.010107425607669297,0.0,0.0020671793175348857,-0.0,0.0,0.0,0.06892131204298035,0.0,0.009547197316395679,-0.0,-0.002869991390446434,-0.0,0.0,-0.0,0.029812806794235605,-0.0,0.48666348316170976,-0.0,0.0186772256239176,0.0
KWT,-0.0,0.01565825026408487,0.0,0.0,-0.0,0.0,-0.0,0.06481561232747389,0.0,0.009504213322964049,-0.0,-0.0029654340718460563,-0.0,0.0,-0.0,0.02013084645032547,-0.0,0.48973801316203586,-0.0,0.01621829770265938,0.0
LAO,-0.0,0.013095765937024346,0.0,0.0,-0.0,0.0,0.0,0.06934229304484085,0.0,0.008416216989774435,-0.0,-0.0017173682574783001,-0.0,0.0,-0.0,0.023082129590674367,-0.0,0.48925530143790774,-0.0,0.01552722568393734,0.0
LBR,-0.0,0.009965338425920534,0.0,0.0038712557056503373,-0.0,0.0,-0.0,0.07010388463143512,0.0,0.008994496858238403,-0.0,-0.0037758065268115753,-0.0,0.0,-0.0,0.027200625766682793,-0.0,0.4847794368673622,-0.0,0.011790252758453112,0.0
LBY,-0.0,0.012595352813138058,0.0,0.0,-0.0,0.0,-0.0,0.0675158683835982,0.0,0.00772953541134709,-0.0,-0.002444914667609555,-0.0,0.0,-0.0,0.02302642782915193,-0.0,0.4920825801342474,-0.0,0.014428253473601741,0.0
MDG,-0.0,0.013729951145942056,0.0,0.0,-0.0,0.0,-0.0,0.06960147651464396,0.0,0.008716409056843276,-0.0,-0.002495946409581827,-0.0,0.0,-0.0,0.022217014546212,-0.0,0.4893827287006666,-0.0,0.016588844207213325,0.0
MLI,-0.0,0.017086321404695588,0.0,0.0,-0.0,0.0,0.0,0.06904345451172189,-0.0,0.007660356869486689,-0.0,-0.0065421983050030445,-0.0,0.0,-0.0,0.0223165164513972,-0.0,0.48965905110327707,-0.0,0.015300375093606208,0.0
MMR,-0.0,0.011299485399278586,0.0,0.0,-0.0,0.0,-0.0,0.06887635644431227,-0.0,0.008638285750559744,-0.0,-0.0,-0.0,0.0,-0.0,0.023232390661858,-0.0,0.48289137360448015,-0.0,0.01419545829403454,0.0
MNG,-0.0,0.020660715766917238,0.0,0.006686893036832677,-0.0,0.0,0.0,0.07274085184232841,0.0,0.012959816184468492,-0.0,-0.007013936147417126,-0.0,0.0,-0.0,0.0230620633653199,-0.0,0.4854894512337533,-0.0,0.022454895226693597,0.0
MOZ,-0.0,0.012436054434530061,0.0,0.0013376564695212621,-0.0,0.0,0.0,0.06992187559882777,0.0,0.010071086185865883,-0.0,-0.003672533687547901,-0.0,0.0,-0.0,0.022175541358794997,-0.0,0.49161317032187213,-0.0,0.017042621485552297,0.0
MWI,-0.0,0.013097776112988992,0.0,0.0,-0.0,0.0,-0.0,0.06898880482769756,0.0,0.008511700469876196,-0.0,-0.002815808203548491,-0.0,0.0,-0.0,0.02244106886348749,-0.0,0.48862496655465837,-0.0,0.016886421215127255,0.0
MYS,-0.0,0.011367780972533935,0.0,0.0,-0.0,0.0,-0.0,0.05369299706611101,0.0,0.0074544993970355545,-0.0,-0.0023479757415386295,-0.0,0.0,-0.0,0.022290999531598295,-0.0,0.46450053370349176,-0.0,0.013161400422466248,0.0
NER,-0.0,0.017095181714403176,0.0,0.0,-0.0,0.0,0.0,0.06904162819958655,-0.0,0.009134009711025903,-0.0,-0.0,-0.0,0.0,-0.0,0.02166230896725059,-0.0,0.49023209375198695,-0.0,0.012651975999064051,0.0
NGA,-0.0,0.011263666443565645,0.0,0.005377603944060787,-0.0,0.0,-0.0,0.07347100033615918,0.0,0.026310595416249565,-0.008097927695588415,-0.01007319659199806,-0.0,0.0,-0.0,0.02805712875565423,-0.0,0.46674467352523935,-0.0,0.017730878049213562,0.0
OMN,-0.0,0.012981060556707875,0.0,6.871488300106594e-06,-0.0,0.0,-0.0,0.06982865509187977,0.0,0.00874395188554992,-0.0,-0.00261210412325174,-0.0,0.0,-0.0,0.02246041195243973,-0.0,0.4907809602099803,-0.0,0.0152858322369552,0.0
PNG,-0.0,0.014841411230702622,0.0,0.0,-0.0,0.0,0.0,0.07263259533600112,-0.0,0.00833261305848855,-0.0,-0.0032469674249733967,-0.0,0.0,-0.0,0.01680706708670878,-0.0,0.4799380142907345,-0.0,0.012809655303847173,0.0
QAT,-0.0,0.013512019878471703,0.0,0.0,-0.0,0.0,-0.0,0.0701007948833369,0.0,0.00884675302855884,-0.0,-0.005314948166111358,-0.0,0.0,-0.0,0.021226284453561547,-0.0,0.48903517633643767,-0.0,0.014660017905351451,0.0
RUS,-0.0,0.0,0.0,0.011790778685080515,-0.0,0.0,0.0,0.08116374512234156,0.0,0.0,-0.014653383632831418,-0.0047451205535791715,-0.0,0.0,-0.004454346113377053,0.04119526582839747,-0.0,0.4545774072898394,-0.0,0.01858213145699484,0.0
RWA,-0.0,0.013137615922328148,0.0,0.0,-0.0,0.0,-0.0,0.06872693840286448,0.0,0.00845242963558095,-0.0,-0.0019805073363984233,-0.0,0.0,-0.0,0.02185768278496785,-0.0,0.4904437499760346,-0.0,0.015926477357476303,0.0
SAU,-0.0,0.015109834754958914,0.0,0.0,-0.0,0.0,-0.0,0.07407898800266294,0.0,0.009185813322368109,-0.0,-0.005195504616564879,-0.0,0.0,-0.0,0.015923621901491887,-0.0,0.46885432061302545,-0.0,0.013136736173121081,0.0
TCD,-0.0,0.01506604209206754,0.0,2.289612871407362e-05,-0.0,0.0,0.0,0.06573542988681984,0.0,0.008486093068843573,-0.0,-0.0,-0.0,0.0,-0.0,0.014085692787606949,-0.0,0.49158579533284713,-0.0,0.004817339736152935,0.0
TGO,-0.0,0.01352290439517738,0.0,0.0,-0.0,0.0,0.0,0.06958959659680558,0.0,0.009143265273159338,-0.0,-0.0016410383670816173,-0.0,0.0,-0.0,0.02306323304588359,-0.0,0.48870639443256403,-0.0,0.016254198769862716,0.0
TTO,-0.0,0.01264516154646769,0.0,0.0,-0.0,0.0,0.0,0.07017591423426449,0.0,0.010488291567693927,-0.0,-0.0019888595861747623,-0.0,0.0,-0.0,0.021549662594317433,-0.0,0.4853287776059807,-0.0,0.015619783143749646,0.0
TZA,-0.0,0.013479749952972384,0.0,0.0,-0.0,0.0,-0.0,0.06956104506064377,0.0,0.008638384450653309,-0.0,-0.0023309720546966944,-0.0,0.0,-0.0,0.02363403172678206,-0.0,0.48939205102018846,-0.0,0.016391320141670124,0.0
UGA,-0.0,0.011249373156365186,0.0,0.0,-0.0,0.0,-0.0,0.07009940371321029,-0.0,0.008965350065080695,-0.0,-0.0020157401573123557,-0.0,0.0,-0.0,0.02682178582472695,-0.0,0.4890904434400376,-0.0,0.01711266411478362,0.0
UZB,-0.0,0.014732509837773071,0.0,0.0,-0.0,0.0,0.0,0.0721466147624636,-0.0,0.009716551075427758,-0.0,-0.0014337803779880453,-0.0,0.0,-0.0,0.01964197177963669,-0.0,0.4892317695173678,-0.0,0.0166645544768018,0.0
VEN,-0.0,0.016397067475694242,0.0,0.00021281958786029337,-0.0,0.0,-0.0,0.07613316328851023,0.0,0.01019146573717498,-0.0,-0.0009438293568638563,-0.0,0.0,-0.0,0.017376854860947488,-0.0,0.4787160488788844,-0.0,0.018207358185850557,0.0
VNM,-0.0,0.013346844729266455,0.0,0.0,-0.0,0.0,-0.0,0.069984844219527,0.0,0.00901762911890532,-0.0,-0.002347944052166326,-0.0,0.0,-0.0,0.02196947309544288,-0.0,0.48918428623243937,-0.0,0.015812806947136895,0.0
YEM,-0.0,0.010953873684265805,0.0,0.0,-0.0,0.0,-0.0,0.06976922889381384,0.0,0.008991179102034145,-0.0,-0.005613274193265762,-0.0,0.0,-0.0,0.025300942404674887,-0.0,0.48829014134726717,-0.0,0.01650674951440255,0.0
ZMB,-0.0,0.008409756567540646,0.0,0.0,-0.0,0.0,-0.0,0.07002421197605953,-0.0,0.008292481779509277,-0.0,-0.00023544571198114448,-0.0,0.0,-0.0,0.027762228314773155,-0.0,0.48796602945723083,-0.0,0.015828044527434297,0.0
ZWE,-0.0,0.011667290654008261,0.0,0.0,-0.0,0.0,0.0,0.06903068516034797,-0.0,0.008252376577634161,-0.0,-0.0003815427978756757,-0.0,0.0,-0.0,0.0241992861390353,-0.0,0.4883296172337362,-0.0,0.015344215461506381,0.0
