Country Code,Country,cluster,GDP_per_capita,Is_Dominant,Dominant_Count,Max_Reserve_Concentration,Resource_Diversity,PC1,PC2,Coal_Prod_perGDPpc,Natural Gas_Prod_perGDPpc,Oil_Prod_perGDPpc,Minerals_Prod_perGDPpc,Resource_Diversity,Coal_Prod_Share,Natural Gas_Prod_Share,Oil_Prod_Share,Minerals_Prod_Share,Aluminium_Res_Share,Bauxite_Res_Share,Cobalt_Res_Share,Copper_Res_Share,Gold_Res_Share,Lead_Res_Share,Lithium_Res_Share,Manganese_Res_Share,Natural Gas_Res_Share,Natural Graphite_Res_Share,Nickel_Res_Share,Oil_Res_Share,Platinum Group_Res_Share,Rare Earth_Res_Share,Silver_Res_Share,Tin_Res_Share,Vanadium_Res_Share,Zinc_Res_Share,Dominant_Resources_List
AFG,Afghanistan,0,2439.677,False,0,,0,-0.7165889517601723,0.10365650142667773,174203.38839936597,0.0,0.0,0.0,0,0.004660315127710733,,,,,,,,,,,,,,,,,,,,,,
AGO,Angola,3,6596.756,False,0,0.452112419617465,1,1.0180292693238246,-0.9908244258447105,0.0,0.0,179020.00301360246,0.012127172810393473,1,,,1.2373086853297552,2.640127092099521e-09,,,,,,,,,,,,0.452112419617465,,,,,,,
ALB,Albania,0,13862.63,False,0,,0,-0.7187584731298192,0.10073007475342104,13807.336703064282,0.0,0.0,622.5369933410905,0,0.002098852417257884,,,0.0002848037100602358,,,,,,,,,,,,,,,,,,,
ARE,United Arab Emirates,3,69576.041,False,0,5.681176235203402,2,0.9585388418378638,-0.606130070766816,0.0,31.770507695314254,57573.301820952984,38806.462126811726,2,,1.5128572808822451,4.1968836602940165,0.08910428935835883,4.588815789473684,,,,,,,,3.1900281098871504,,,5.681176235203402,,,,,,,
ARG,Argentina,3,22071.752,False,0,14.682131845543973,2,1.1165320696147085,-0.7059728249235312,588.9881328858716,71.95074931070266,55008.2363647435,22443.712216411273,2,0.00014255081567115185,1.086891570737332,1.2720688254029626,0.016348064623423482,,,,,,,14.682131845543973,,0.20711044003651097,,,0.14421982421465251,,,1.1122518822724161,,,,
ARM,Armenia,0,13637.865,False,0,,0,-0.7187333948477205,0.10091589010346468,439.95156133309723,0.0,0.0,4955.850787494964,0,6.579268415591624e-05,,,0.002230485764527487,,,,,,,,,,,,,,,,,,,
AUS,Australia,3,50474.874,True,10,46.71613080516626,3,2.657726601695301,1.5142447335570959,9170791.322827274,107.08403430586075,7231.1430296983,20551744.030307036,3,5.075845672907291,3.699253213937972,0.3824091506569018,34.234088765640195,2.8453947368421053,16.802688430148823,16.47977630933277,12.539184952978054,21.314387211367674,39.637599093997736,25.69373072970195,26.76659528907923,1.2835881151290809,,19.65440995823438,0.13885434263600704,,6.260673659242999,16.084873374401095,13.26770811042157,46.71613080516626,30.303030303030305,"Bauxite, Cobalt, Gold, Lead, Lithium, Manganese, Nickel, Silver, Vanadium, Zinc"
AUT,Austria,0,56239.228,False,0,,0,-0.7182785885154532,0.10186811246004156,139.65341060513845,0.0,0.0,14499.256639867104,0,8.612262356009436e-05,,,0.02691038642911795,,,,,,,,,,,,,,,,,,,
AZE,Azerbaijan,0,14541.29,False,0,1.344854797318893,0,-0.045839657224323704,-0.3724528818372571,0.0,93.48248518528962,41133.23982260171,2126.6937802629614,0,,0.9303519600125031,0.6266743713814635,0.001020569871834785,,,,,,,,,1.344854797318893,,,0.40662815589390405,,,,,,,
BDI,Burundi,0,751.762,False,0,,0,-0.718964948554059,0.10043700856557884,0.0,0.0,0.0,266.10815657082964,0,,,,6.601967809681366e-06,,,,,,,,,,,,,,,,,,,
BEL,Belgium,0,52314.838,False,0,,0,-0.7189206034296172,0.10048795237129346,4167.077799227821,0.0,0.0,0.0,0,0.0023904675243316235,,,,,,,,,,,,,,,,,,,,,,
BEN,Benin,0,3156.439,False,0,,0,-0.7189777451125938,0.10041030093705056,0.0,0.0,0.0,0.0015840635602335418,0,,,,1.6500794325622006e-10,,,,,,,,,,,,,,,,,,,
BFA,Burkina Faso,0,2104.873,False,0,,0,-0.7189266636389849,0.10051691280602387,0.0,0.0,0.0,1062.2493613628947,0,,,,7.378825206531649e-05,,,,,,,,,,,,,,,,,,,
BGD,Bangladesh,0,5815.383,False,0,0.05920935590047579,0,-0.1842870093142154,-0.23590266040002997,141005.33017343827,122.10696069373247,0.0,0.0,0,0.008991666834641887,0.4859961578882389,,,,,,,,,,,0.05920935590047579,,,,,,,,,,
BGR,Bulgaria,0,23409.596,False,0,,0,-0.7099549676129037,0.11281016431066677,644112.7941720993,0.0,0.0,3956.7367587206545,0,0.16534162395168817,,,0.003056792246788965,,,,,,,,,,,,,,,,,,,
BHR,Bahrain,0,50118.484,False,0,0.03482465983512068,0,-0.6655068515593999,0.070572828452667,0.0,11.903569349783206,0.0,31924.349507459166,0,,0.4083092550631922,,0.052802541841990416,,,,,,,,,0.03482465983512068,,,,,,,,,,
BIH,Bosnia and Herzegovina,0,14389.734,False,0,,0,-0.7048038892952043,0.12111636421330463,888936.5154352401,0.0,0.0,41261.01288599219,0,0.14026517782357534,,,0.019594198237846364,,,,,,,,,,,,,,,,,,,
BOL,Bolivia,0,8757.259,False,0,8.559811684142948,0,-0.5021499568374911,-0.028619580562232336,0.0,48.94612895427667,0.0,68083.81652295541,0,,0.2933598238702965,,0.019676458492742285,,,,,,1.8120045300113252,,,0.11434337476869973,,,,,,3.764544832306639,8.559811684142948,,,
BRA,Brazil,2,15546.657,True,2,24.248444443643855,2,3.5976332225458703,1.5629591194179326,488523.8120323874,52.885166431600055,222916.16191185027,30698725.687458083,2,0.08328160929175654,0.562710454886536,3.630986670072552,15.75042263755744,,12.962073931829094,,,4.262877442273535,,1.4315078549405373,14.453961456102785,0.1872144492691068,24.248444443643855,13.102939972156252,0.6927207665902588,,23.065639797211052,,8.987802268350096,0.6595218466611706,,"Natural Graphite, Rare Earth"
BRN,Brunei,0,59660.203,False,0,0.11941001626239865,0,-0.6809734288850334,0.0744180647037391,0.0,6.254792331162534,1662.0353866378898,0.0,0,,0.25539460185221147,0.10388936064967975,,,,,,,,,,0.11941001626239865,,,0.06389871021189922,,,,,,,
BTN,Bhutan,0,12409.57,False,0,,0,-0.7188020489806296,0.1006490594492819,12812.692140017743,0.0,0.0,0.0,0,0.0017435061301317803,,,,,,,,,,,,,,,,,,,,,,
BWA,Botswana,0,15117.995,False,0,,0,-0.7169307961475239,0.10331900535869393,136550.71323942096,0.0,0.0,3628.221996369228,0,0.022636773461500212,,,0.001810184725811569,,,,,,,,,,,,,,,,,,,
CAF,Central African Republic,0,945.181,False,0,,0,-0.7189776663800942,0.10041046525922716,0.0,0.0,0.0,1.6388395450183615,0,,,,5.1119460820776974e-08,,,,,,,,,,,,,,,,,,,
CAN,Canada,3,49538.627,False,0,9.76416502974518,3,2.479995667875944,-1.2593495461971158,859113.7479446089,141.09643535336576,118856.97138921513,1175708.5839298696,3,0.4666819338735696,4.783811949712056,6.168999087416401,1.9221111647969298,5.427631578947369,,2.132676934148946,1.0407523510971788,5.683836589698046,,4.404639553663192,,1.2644450135921657,1.9333219218580908,1.8016542461714846,9.76416502974518,0.4659552081767624,0.9116419538897701,0.838466803559206,,,0.8522727272727272,
CHE,Switzerland,0,70660.605,False,0,,0,-0.7189695785850738,0.1004273452527372,0.0,0.0,0.0,169.8258881310173,0,,,,0.00039601906381492817,,,,,,,,,,,,,,,,,,,
CHL,Chile,0,23880.123,True,2,34.13595654088974,0,-0.6718258478496962,0.19876993967692913,5090.844800087503,0.0,0.0,979079.891018568,0,0.0013330694354724561,,,0.7715952349405722,,,,23.824451410658305,,,34.13595654088974,,,,,,,,4.4490075290896645,,,,"Copper, Lithium"
CHN,China,4,15893.004,True,7,73.51973684210526,4,11.220300608376078,4.814771802687441,300761265.77455086,562.6392022552816,268271.2905628162,27013441.341863375,4,52.4148383775466,6.119980989737578,4.467106142637781,14.168398180168465,73.51973684210526,3.2645223235717715,1.357158049003875,5.141065830721003,5.506216696269982,24.915062287655722,11.01159888415798,14.989293361884368,4.511340310407209,26.54221621533989,3.6033084923429692,1.5081697364786066,,48.328007194156484,11.978097193702943,21.39952921035737,22.533663094256664,21.78030303030303,"Aluminium, Lead, Natural Graphite, Rare Earth, Tin, Vanadium, Zinc"
CIV,Cote d'Ivoire,0,4840.268,False,0,,0,-0.7138605875559648,0.1110902929654859,0.0,0.0,0.0,106412.14783974772,0,,,,0.016997907617974532,,,,,,,,,,,,,,,,,,,
CMR,Cameroon,0,3743.317,False,0,,0,-0.7181786973872685,0.10207798914918285,0.0,0.0,0.0,16616.33252006175,0,,,,0.0020527054144251077,,,,,,,,,,,,,,,,,,,
COD,DR Congo,0,1116.671,True,1,58.16391638588036,0,-0.7189777451887684,0.10041030077806695,0.0,0.0,0.0,0.0,0,,,,,,,58.16391638588036,,,,,,,,,,,,,,,,Cobalt
COD,Democratic Republic of Congo,0,1116.671,False,0,10.031347962382444,0,-0.565639045009462,0.4203711429014711,7164.15130329345,0.0,0.0,3186660.9771365067,0,8.7723578874555e-05,,,0.11743456583903769,,,,10.031347962382444,,,,,,,,,,,,2.5679435052428845,,,
COG,Congo,0,4093.991,False,0,,0,-0.7187428230448328,0.10090060552181751,0.0,0.0,0.0,4885.245228922096,0,,,,0.000660036723263178,,,,,,,,,,,,,,,,,,,
COL,Colombia,0,14999.853,False,0,1.2433392539964476,0,-0.22247971681679382,-0.17539424402583106,3516484.051543705,26.629325447389384,51510.25170046666,592.7190086462848,0,0.5783916430626779,0.2733765510583674,0.8095184579393739,0.00029340715821843784,,,,,1.2433392539964476,,,,0.046306948716482,,,0.1182707036285698,,,,,,,
CRI,Costa Rica,0,20271.551,False,0,,0,-0.7189777422685949,0.10041030687274545,0.0,0.0,0.0,0.060725496534527634,0,,,,4.062495562968138e-08,,,,,,,,,,,,,,,,,,,
CUB,Cuba,0,,False,0,4.846993032156697,0,-0.7189777451887684,0.10041030077806695,0.0,0.0,0.0,0.0,0,,,,0.0032872617218105997,,,4.846993032156697,,,,,,,,,,,,,,,,
CYP,Cyprus,0,42048.93,False,0,,0,-0.7189777451887684,0.10041030077806695,0.0,0.0,0.0,0.0,0,,,,0.0,,,,,,,,,,,,,,,,,,,
CZE,Czech Republic,0,41061.763,False,0,,0,-0.7105796356769176,0.11182273528082595,612434.3426267401,0.0,0.0,0.0,0,0.275755054974304,,,,,,,,,,,,,,,,,,,,,,
CZE,Czechia,0,41061.763,False,0,,0,-0.7189776279893131,0.10041054538442004,0.0,0.0,0.0,2.437182251526804,0,,,,3.3026339842732448e-06,,,,,,,,,,,,,,,,,,,
DEU,Germany,0,54190.139,False,0,0.01056025983735513,1,-0.1019883326752473,-0.03599988794766163,1695880.4995868343,2.431616062103107,0.0,3805.452759587865,1,1.0077246123214505,0.09018397222644972,,0.006805522070504479,,,,0.0,,,,,0.01056025983735513,,,,,,,,,,
DNK,Denmark,0,57060.339,False,0,0.02484539453979303,0,-0.7070749178971169,0.09168084109862917,0.0,1.1618549944121432,1060.0383895370828,0.0,0,,0.045373300193160146,0.06337267243345367,,,,,,,,,,0.015055415129376103,,,0.02484539453979303,,,,,,,
DOM,Dominican Republic,0,19089.518,False,0,,0,-0.7186941475149495,0.1010021959585748,0.0,0.0,0.0,5897.461004515671,0,,,,0.0037153085538613913,,,,,,,,,,,,,,,,,,,
DZA,Algeria,3,12786.558,False,0,1.2242883898572154,2,2.3064271307872906,-1.5237226165747486,0.0,266.67899109361565,107962.37939874045,69.61607650784518,2,,2.3337619144427375,1.4463459406972488,2.937636413790486e-05,,,,,,,,,1.2242883898572154,,,0.7086947859865185,,,,,,,
ECU,Ecuador,0,11448.816,False,0,0.07566461789113609,0,-0.45076795913329015,-0.11392876902199067,0.0,0.0,41513.77740720088,12234.58827532908,0,,,0.49796510279022654,0.004622583674842158,,,,,,,,,,,,0.07566461789113609,,,,,,,
EGY,Egypt,3,12682.907,False,0,1.1482873791692887,1,0.7769921551167135,-0.6941704180960141,740.1300033186399,134.88154892249864,50187.71323482858,20501.135741198766,1,0.00010293265436193097,1.1708073610756509,0.6669024246430592,0.008580875005561383,,,,,,,,,1.1482873791692887,,,0.18275031120603172,,,,,,,
ERI,Eritrea,0,1761.128,False,0,,0,-0.7153058651673073,0.10807386183214737,0.0,0.0,0.0,76357.35846571061,0,,,,0.004437891340006308,,,,,,,,,,,,,,,,,,,
ESP,Spain,0,40854.649,False,0,,0,-0.7179225384869496,0.10260246943989805,1016.2721285403774,0.0,0.0,21653.402284768134,0,0.00045527924577041124,,,0.029194596337852104,,,,,,,,,,,,,,,,,,,
ETH,Ethiopia,0,2588.09,False,0,,0,-0.7189633678577109,0.1004298907747529,1043.2403819032568,0.0,0.0,1.4914473607950263,0,2.9606707870162308e-05,,,1.2738613219380188e-07,,,,,,,,,,,,,,,,,,,
FIN,Finland,0,48624.746,False,0,,0,-0.7188992714800908,0.10057408283360146,0.0,0.0,0.0,1631.8738816651096,0,,,,0.0026186580076072207,,,,,,,,,,,,,,,,,,,
FJI,Fiji,0,13580.555,False,0,,0,-0.7189777411095915,0.10041030929169528,0.0,0.0,0.0,0.0848271664891457,0,,,,3.8017830126233104e-08,,,,,,,,,,,,,,,,,,,
FRA,France,0,47766.863,False,0,,0,-0.7183908757084514,0.10159334529522628,4187.003027600954,0.0,0.0,11010.09463401438,0,0.002193089471863875,,,0.01735611900577976,,,,,,,,,,,,,,,,,,,
GAB,Gabon,0,15604.385,False,0,3.2655246252676657,0,-0.6122617916479447,0.05545628297188991,0.0,0.0,14354.939332758067,294788.97335588676,0,,,0.23468973736880566,0.15180732871872965,,,,,,,,3.2655246252676657,,,,0.11617947311254402,,,,,,,
GBR,United Kingdom,0,47106.551,False,0,0.14522434139068002,0,-0.5270732422248512,-0.03666984811158763,2261.0443290573326,23.475940851623804,13870.298912352979,649.9894250377193,0,0.0011679297982411065,0.7568649714520004,0.6845626635163345,0.001010467722531164,,,,,,,,,0.10043727559370497,,,0.14522434139068002,,,,,,,
GEO,Georgia,0,15423.107,False,0,,0,-0.7182933581034002,0.10174292924761195,9589.507483803362,0.0,0.0,11497.426231951837,0,0.0016217896644433354,,,0.005852040864226099,,,,,,,,,,,,,,,,,,,
GHA,Ghana,0,5585.885,False,0,1.7761989342806392,0,-0.7032403548858284,0.13325572348076348,0.0,0.0,0.0,327261.6604172839,0,,,,0.06032842212755201,,,,,1.7761989342806392,,,0.6959314775160599,,,,,,,,,,,
GIN,Guinea,2,2405.22,True,1,35.525684109457515,1,2.463084680542901,5.363375804891844,0.0,0.0,0.0,54049140.61582725,1,,,,4.290208966515269,,35.525684109457515,,,,,,,,,,,,,,,,,Bauxite
GNQ,Equatorial Guinea,0,18544.02,False,0,0.06389871021189922,0,-0.6852146375913984,0.07321438270134067,0.0,0.0,5237.375861868139,0.010785147988408123,0,,,0.10175686300641128,6.600317730248803e-09,,,,,,,,,,,,0.06389871021189922,,,,,,,
GRC,Greece,0,29659.045,False,0,,0,-0.7130467271939267,0.11060082566454842,219133.7210958748,0.0,0.0,60848.94169721244,0,0.07126769797471036,,,0.05955867657305607,,,,,,,,,,,,,,,,,,,
GRL,Greenland,0,,False,0,1.6475456998007894,0,-0.7189777451887684,0.10041030077806695,0.0,0.0,0.0,0.0,0,,,,0.0005280263424643865,,,,,,,,,,,,,,1.6475456998007894,,,,,
GTM,Guatemala,0,8190.823,False,0,,0,-0.7189399540676369,0.10048917442382888,0.0,0.0,0.0,785.8726772633227,0,,,,0.00021242937805909326,,,,,,,,,,,,,,,,,,,
GUF,French Guiana,0,,False,0,,0,-0.7189777451887684,0.10041030077806695,0.0,0.0,0.0,0.0,0,,,,3.3001588651244015e-07,,,,,,,,,,,,,,,,,,,
GUY,Guyana,0,13052.244,False,0,,0,-0.41283211781199886,-0.14060590088982944,0.0,0.0,47190.365419157046,40127.61637002802,0,,,0.6453340861633488,0.017284761584731315,,,,,,,,,,,,,,,,,,,
HND,Honduras,0,5721.952,False,0,,0,-0.7186202829890663,0.10115635821347647,0.0,0.0,0.0,7433.486159967787,0,,,,0.0014036912547730341,,,,,,,,,,,,,,,,,,,
HRV,Croatia,0,29390.493,False,0,,0,-0.718940167331793,0.10048352757873424,520.9507713940014,0.0,0.0,632.8849264284203,0,0.00016789196451853894,,,0.0006138559501840595,,,,,,,,,,,,,,,,,,,
HUN,Hungary,0,33045.962,False,0,,0,-0.7173632613171588,0.10260458781741648,117704.80329790368,0.0,0.0,9.084317170128077,0,0.04265195471043851,,,9.907076913103453e-06,,,,,,,,,,,,,,,,,,,
IDN,Indonesia,3,11976.45,True,2,45.041356154287115,3,3.396326358506989,0.35348006903097856,69814510.97779392,214.58737155000017,51174.41563234514,2973342.0170417773,3,9.168539500547707,1.7589210957449906,0.6421360887620812,1.1751892780010686,,13.442150744119058,6.204151081160571,2.633228840125392,6.394316163410302,,,,0.6726665584438168,,45.041356154287115,0.1417389571973037,,,,17.119623368285897,,,"Nickel, Tin"
IND,India,2,6617.13,False,0,7.578710219083631,2,6.369063718634033,6.337514804561806,163981212.39872876,176.0178405139388,111057.89107966746,45533562.34893375,2,11.898442447887064,0.7971507282122302,0.7699546917791845,9.943428210063063,6.907894736842106,3.1204992798847817,,0.27586206896551724,,2.1517553793884483,,1.8201284796573876,0.7092853529245718,2.818062462369421,,0.26391864589246045,,7.578710219083631,1.3689253935660506,,,4.640151515151516,
IRL,Ireland,0,87080.954,False,0,,0,-0.7189444201948486,0.10047985319373375,0.0,0.0,0.0,692.998815791568,0,,,,0.001991546804333445,,,,,,,,,,,,,,,,,,,
IRN,Iran,1,14675.905,True,1,17.243482408804837,3,6.370364919195398,-3.3341866494842582,105071.20344537526,644.9322146061861,344919.10379632463,6273224.888005203,3,0.016908884309780867,6.477882321329048,5.303568975718278,3.038299592077914,,,,,,2.2650056625141564,,,17.243482408804837,,,9.166560428579723,,,,,,,Natural Gas
IRQ,Iraq,3,11434.956,False,0,8.42411550565401,1,2.507238262421158,-2.1626012447359977,0.0,37.54091936164862,384618.1130036705,292.96133714900174,1,,0.2938011515957616,4.607977091148953,0.00011055532198166746,,,,,,,,,1.8953726329077596,,,8.42411550565401,,,,,,,
ISL,Iceland,0,57663.539,False,0,,0,-0.7183272697599091,0.10176790454891645,0.0,0.0,0.0,13526.745210695444,0,,,,0.02574123914797033,,,,,,,,,,,,,,,,,,,
ISR,Israel,0,40974.826,False,0,0.31614795153921565,0,-0.6368387328305325,0.04815339705308495,0.0,18.82610989977114,0.0,0.0,0,,0.5279487906562285,,,,,,,,,,,0.31614795153921565,,,,,,,,,,
ITA,Italy,0,42885.278,False,0,0.03509051816729889,0,-0.6945594315923072,0.08296952478857879,2331.802536059111,2.350512553515451,2169.348729417121,3038.343368090094,0,0.0010965447359319374,0.0689898016735087,0.09747285394314423,0.004300113601574825,,,,,,,,,0.02277421348757523,,,0.03509051816729889,,,,,,,
JAM,Jamaica,0,10544.6,False,0,,0,-0.6911590143181793,0.15847062443454718,0.0,0.0,0.0,578495.1558143503,0,,,,0.20130969143262023,,,,,,,,,,,,,,,,,,,
JPN,Japan,0,41680.498,False,0,0.0,0,-0.7187955767852566,0.10066601029548905,12467.902005393506,0.0,0.0,232.90978912967884,0,0.005698396096324888,,,0.000320372690302192,,,,0.0,,,,,,,,,,,,,,,
KAZ,Kazakhstan,3,26351.775,False,0,4.085257548845471,3,1.781292856427567,-0.6406167626667982,4272300.442759548,40.61438897379778,69672.20439609855,1383102.5424283564,3,1.2345196704200452,0.7324936924775052,1.9236032668035596,1.2028157329007412,,,,2.507836990595611,4.085257548845471,,,0.26766595289079226,1.2124255161150752,,,1.74269209668816,,,,,,3.5984848484848486,
KEN,Kenya,0,4926.242,False,0,,0,-0.7189776534295518,0.10041049228823479,0.0,0.0,0.0,1.9081482395708533,0,,,,3.1021493332169377e-07,,,,,,,,,,,,,,,,,,,
KGZ,Kyrgyzstan,0,5298.562,False,0,,0,-0.7081009623914923,0.11523890141971731,788402.589230814,0.0,0.0,1365.804533380944,0,0.04580705979882076,,,0.00023882589675132266,,,,,,,,,,,,,,,,,,,
KHM,Cambodia,0,6078.936,False,0,,0,-0.7189777173117761,0.10041035895998772,0.0,0.0,0.0,0.5797067118324655,0,,,,1.162975984069839e-07,,,,,,,,,,,,,,,,,,,
KOR,South Korea,0,42804.158,False,0,0.5898270270075532,0,-0.7187729690471532,0.10071078694164332,12709.045695981216,0.0,0.0,634.2776091986204,0,0.005965203363469739,,,0.0008959838584348639,,,,0.0,,,,,,0.5898270270075532,,,,,,,,,
KWT,Kuwait,3,44848.657,False,0,5.896108260461609,1,0.3069758249543256,-0.40923151205505975,0.0,11.974846658173064,60615.91987024272,0.0,1,,0.36756444527181137,2.848277002612591,,,,,,,,,,0.9103737991970905,,,5.896108260461609,,,,,,,
LAO,Laos,0,7780.344,False,0,,0,-0.6852998351576834,0.1464445656514352,2429092.7239206904,0.0,0.0,7664.374737158151,0,0.20723793052795947,,,0.001967933309612175,,,,,,,,,,,,,,,,,,,
LBR,Liberia,0,1440.028,False,0,,0,-0.7189772897632767,0.1004112512941624,0.0,0.0,0.0,9.470649181821464,0,,,,4.5007566602566586e-07,,,,,,,,,,,,,,,,,,,
LBY,Libya,3,22505.107,False,0,2.809393929070983,1,0.3038370397534017,-0.3987003878246734,0.0,22.809655510635874,52796.03105197412,0.0,1,,0.3513289196081237,1.2448827193084882,,,,,,,,,,0.7679490138601045,,,2.809393929070983,,,,,,,
LKA,Sri Lanka,0,13639.02,False,0,0.49152252250629436,0,-0.7189661101359266,0.10043458423430716,0.0,0.0,0.0,241.95286758139514,0,,,,0.00010890524254910525,,,,,,,,,,0.49152252250629436,,,,,,,,,
MAR,Morocco,0,8509.076,False,0,0.1260218188360741,0,-0.7184017454735676,0.1016124666872944,0.0,0.0,0.0,11978.010303351388,0,0.0,,,0.0033635813181943624,,,0.1260218188360741,,,,,,,,,,,,,,,,
MDG,Madagascar,0,1645.73,False,0,8.847405405113298,0,-0.7161312582454422,0.10627003858975802,8127.092536442795,0.0,0.0,56875.67219410231,0,0.00014666285843089664,,,0.0030890147009337418,,,0.9693986064313393,,,,,,,8.847405405113298,,,,0.1757552309701031,,,,,
MEX,Mexico,3,20312.294,False,0,6.645768025078371,1,0.7739965251248296,-0.6718863234152677,256032.0755499108,63.38548826636715,94077.22776166984,488533.4960197011,1,0.05702689229061594,0.8811764985601205,2.0021175187985554,0.32748255256121606,,,,6.645768025078371,2.4866785079928952,6.342015855039637,,0.26766595289079226,0.09565152953825205,1.0158132131796749,,0.3523653711819592,,,6.331279945242985,,,6.628787878787879,
MKD,North Macedonia,0,18422.6,False,0,,0,-0.715725807259626,0.1049799988289906,222071.42314331312,0.0,0.0,4299.317143074268,0,0.044861103551474345,,,0.0026138776284863217,,,,,,,,,,,,,,,,,,,
MLI,Mali,0,2219.189,False,0,1.4209591474245116,0,-0.7189761633356484,0.10041360225521032,0.0,0.0,0.0,32.89489989360979,0,,,,2.4091159715408127e-06,,,,,1.4209591474245116,,,,,,,,,,,,,,
MMR,Myanmar,0,4848.559,False,0,14.97967044725016,0,-0.23266354765984767,-0.19106990140215116,356807.04308228486,109.65484949239557,0.0,62245.444471233626,0,0.018970223931622517,0.36387701185234317,,0.009959902886073386,,,,,,,,,0.23216566050370543,,,,,,,14.97967044725016,,,
MNE,Montenegro,0,21591.247,False,0,,0,-0.7165485950826803,0.10461897335132496,86247.91333265745,0.0,0.0,25920.36485896345,0,0.020419856072524535,,,0.018469438093434664,,,,,,,,,,,,,,,,,,,
MNG,Mongolia,0,12214.531,False,0,,1,-0.013677682914133451,0.10704368793251227,8722471.620072845,0.0,0.0,57177.52077423193,1,1.1682686305645096,,,0.023048197308627404,,,,,,,,,,,,,,,,,,,
MOZ,Mozambique,0,1290.166,False,0,8.192042041771572,0,-0.5376843018779149,0.3626960619275136,11626410.864958463,0.0,0.0,454672.1414143606,0,0.16448171038979062,,,0.019358815660851732,,,,,,,,,,8.192042041771572,,,,,,,,,
MRT,Mauritania,0,5825.571,False,0,,0,-0.595050282323473,0.35905864233460255,0.0,0.0,0.0,2577092.2934421366,0,,,,0.4954539767323455,,,,,,,,,,,,,,,,,,,
MWI,Malawi,0,1411.374,False,0,,0,-0.7183435541340958,0.10127212138941688,46248.5492860149,0.0,0.0,0.0,0,0.0007157586109322127,,,,,,,,,,,,,,,,,,,,,,
MYS,Malaysia,3,27913.548,False,0,0.48786250273510384,1,0.44500333013220567,-0.43910542772375694,145737.43903856294,103.648667879841,19175.07135244864,66629.73445726068,1,0.044607977164631815,1.9801261460313055,0.5607872242590666,0.061378740291428806,,,,,,,,,0.48786250273510384,,,0.15868954232442387,,,,,,,
NAM,Namibia,0,9959.541,False,0,0.051387461459403906,0,-0.718717777456209,0.10095287803519824,0.0,0.0,0.0,5406.072428438219,0,,,,0.0017768715361602802,,,,,,,0.051387461459403906,,,,,,,,,,,,
NCL,New Caledonia,0,,False,0,5.814429612644337,0,-0.7189777451887684,0.10041030077806695,0.0,0.0,0.0,0.0,0,,,,0.003688587563549543,,,0.5257048642677153,,,,,,,,5.814429612644337,,,,,,,,
NER,Niger,0,1224.373,False,0,,0,-0.7178576696790062,0.10193247719109898,81674.45704862814,0.0,0.0,2.0941330787268253,0,0.0010965447359319374,,,8.461607330178963e-08,,,,,,,,,,,,,,,,,,,
NGA,Nigeria,1,5135.489,False,0,2.9398495957187296,2,3.9436370510237557,-2.7872105803929426,257434.1021857899,328.3913650676693,319504.0571598927,14799.559886117953,2,0.014496869681388178,1.154217418613287,1.7191123539741635,0.0025082189832239597,,,,,,,,,2.9398495957187296,,,2.1429303815608742,,,,,,,
NIC,Nicaragua,0,5489.512,False,0,,0,-0.7189773043245109,0.10041122090348886,0.0,0.0,0.0,9.167845885025846,0,,,,1.6608709520511573e-06,,,,,,,,,,,,,,,,,,,
NLD,Netherlands,0,57258.337,False,0,0.06979301124866986,0,-0.6968491746921022,0.08633300182716519,0.0,5.071750484126007,0.0,6.985882248029663,0,,0.19875163107231425,,1.3200635460497606e-05,,,,,,,,,0.06979301124866986,,,,,,,,,,
NOR,Norway,3,63751.023,False,0,0.7676942193135283,2,0.9121634445663005,-0.5475198950331854,1300.4026617737568,63.92368136586608,28751.278344192215,20599.512575664863,2,0.0009090575169822948,2.7890932076698562,1.9203942544909216,0.043339006280359686,,,,,,,,,0.7676942193135283,0.1966090090025177,,0.45900793919846977,,,,,,,
NPL,Nepal,0,3922.081,False,0,,0,-0.7189287495466661,0.10049473825425419,1784.7668112922706,0.0,0.0,509.9333746549345,0,7.675813151523562e-05,,,6.600317730248802e-05,,,,,,,,,,,,,,,,,,,
NZL,New Zealand,0,42174.159,False,0,,0,-0.7177812947756326,0.10231327787750066,59501.50327834634,0.0,0.0,7913.101432562057,0,0.027516977169944747,,,0.011013567312034645,,,,,,,,,,,,,,,,,,,
OMN,Oman,3,33702.768,False,0,0.3579332695070116,2,0.8485482294758048,-0.5089985941143885,0.0,48.409799218865345,29451.33557279331,11809.183299128428,2,,1.1166393907136685,1.0399600246145981,0.013134703731634546,,,,,,,,,0.3579332695070116,,,0.3121161545168495,,,,,,,
PAK,Pakistan,0,5412.609,False,0,0.20669069685518532,0,0.08756850821827591,-0.3132215979084425,3528595.1599311903,173.5200252225867,0.0,22573.58697071966,0,0.20942804748635319,0.6427918316198074,,0.004032200104586296,,,,,,,,,0.20669069685518532,,,,,,,,,,
PAN,Panama,0,32894.993,False,0,,0,-0.7184939376455979,0.1014200529006423,0.0,0.0,0.0,10060.858684481253,0,,,,0.010921937675109515,,,,,,,,,,,,,,,,,,,
PER,Peru,0,13303.52,True,1,23.956194387405887,0,-0.37878072086565145,0.12234271205797843,17541.522845081603,43.18996650510542,9370.79219635104,1894597.8207271458,0,0.0025589406575602064,0.39324528656822266,0.13061376690434756,0.831799101668648,,,,12.539184952978054,4.440497335701599,5.662514156285391,,,0.14043548848629847,,,0.04335504421023872,,,23.956194387405887,2.7819387973464584,,9.469696969696969,Silver
PHL,Philippines,0,8983.407,False,0,3.9308819916468756,0,-0.6947885232777301,0.134889835682015,1602955.3152829434,0.0,0.0,45924.588076661785,0,0.157902441974199,,,0.013615111190791162,,,2.520436376721482,,,,,,,,3.9308819916468756,,,,,,,,
PNG,Papua New Guinea,0,3792.896,False,0,1.9538188277087036,0,-0.7178318529078638,0.10280188639763668,0.0,0.0,0.0,23829.021412661987,0,,,,0.002982716583888085,,,0.6010271359874304,,1.9538188277087036,,,,0.08763421051722703,,,,,,,,,,
POL,Poland,0,33258.733,False,0,10.438056125941136,0,-0.6662436474656552,0.1388301466014205,2561750.4310822664,3.8766632571361037,0.0,14382.701950792894,0,0.9342624047946159,0.0882425135841425,,0.015786324584027935,,,,4.263322884012539,,,,,0.03881501584208017,,,,,,10.438056125941136,,,,
PRK,North Korea,0,,False,0,0.6553633633417257,0,-0.7189777451887684,0.10041030077806695,0.0,0.0,0.0,0.0,0,0.1875091498443613,,,0.014195963374219125,,,,,,,,,,0.6553633633417257,,,,,,,,,
PRT,Portugal,0,34989.25,False,0,0.22023197768315958,0,-0.7185791361056548,0.10120024142360444,4205.691748179798,0.0,0.0,7089.858999549861,0,0.001613609440713283,,,0.008186666111885564,,,,,,,0.22023197768315958,,,,,,,,,,,,
QAT,Qatar,3,91022.868,False,0,13.249232340766667,2,0.8848004790973356,-0.522141432977604,0.0,70.97353922093512,19836.30468554342,7437.691372238458,2,,4.421412857049729,1.8917222260401274,0.0223420755168922,,,,,,,,,13.249232340766667,,,1.4664173096265305,,,,,,,
ROU,Romania,0,30105.501,False,0,0.04236436936607643,0,-0.6529298139801426,0.06925226124166625,417874.0058170764,10.742550187090393,1994.5322763437819,12263.522869126144,0,0.1379486864967639,0.22134379001295235,0.06291192993918561,0.012184170029244963,,,,,,,,,0.04236436936607643,,,0.0348538419337632,,,,,,,
RUS,Russian Federation,1,27337.884,True,5,94.69412295205171,4,8.166723020538063,-4.212498025036115,15625765.205529442,829.4386800382941,393287.0225069358,3856205.915571227,4,4.684168885995782,15.518983541772139,11.264724975157407,3.479044306424356,6.7105263157894735,,2.4234965160783486,10.031347962382444,21.314387211367674,10.079275198187995,,,20.085121595633716,8.396843092815862,6.797150110556056,6.262319854777331,94.69412295205171,4.173782439495333,15.742642026009582,9.843783436764392,27.480076944215444,13.731060606060606,"Gold, Natural Gas, Platinum Group, Silver, Vanadium"
RWA,Rwanda,0,2272.297,False,0,,0,-0.7189012643383809,0.10056992354977703,0.0,0.0,0.0,1590.4320605977125,0,,,,0.00011926556328074487,,,,,,,,,,,,,,,,,,,
SAU,Saudi Arabia,3,56426.096,True,1,17.28326504837794,2,2.0314345308548076,-1.4243605374931647,0.0,77.50614568479095,192394.2675389061,126493.38983154178,2,,2.9931620866021325,11.374130635774895,0.23554976825698737,,,,,,,,,3.2332128604430013,,,17.28326504837794,,,,,,,Oil
SDN,Sudan,0,4229.534,False,0,0.087134604834408,0,-0.6616279018625365,0.05421798205714045,0.0,0.0,8896.044410566272,18.205315290053235,0,,,0.039421717682114124,2.5411223261457888e-06,,,,,,,,,,,,0.087134604834408,,,,,,,
SEN,Senegal,0,3368.267,False,0,,0,-0.7189774898480826,0.10041083369823964,0.0,0.0,0.0,5.309852217772522,0,,,,5.902334130274991e-07,,,,,,,,,,,,,,,,,,,
SLB,Solomon Islands,0,2291.991,False,0,,0,-0.7189777030590664,0.10041038870674147,0.0,0.0,0.0,0.8760941905967345,0,,,,6.626719001169798e-08,,,,,,,,,,,,,,,,,,,
SLE,Sierra Leone,0,1705.192,False,0,,0,-0.6906580281857169,0.15951622989848746,0.0,0.0,0.0,588913.2461329867,0,,,,0.03314053048771358,,,,,,,,,,,,,,,,,,,
SRB,Serbia,0,18318.294,False,0,,0,-0.6949052675890234,0.133610197968505,1706708.0941052698,0.0,0.0,13911.013984162497,0,0.34282353395070003,,,0.008409664281711807,,,,,,,,,,,,,,,,,,,
SSD,South Sudan,3,425.937,False,0,0.20331407794695203,0,0.5901721490643018,-0.9540996530334785,0.0,0.0,203076.98345060417,0.46955300901307,0,,,0.09062586232627527,6.600317730248803e-09,,,,,,,,,,,,0.20331407794695203,,,,,,,
SUR,Suriname,0,18519.967,False,0,,0,-0.7141175058834737,0.110554080105243,0.0,0.0,0.0,101069.48829876423,0,,,,0.06177249204709863,,,,,,,,,,,,,,,,,,,
SVK,Slovakia,0,32950.782,False,0,,0,-0.7180262571753477,0.10216705518209158,22943.309812798983,0.0,0.0,13243.90116143526,0,0.008289878203645447,,,0.01440179098247807,,,,,,,,,,,,,,,,,,,
SVN,Slovenia,0,39377.625,False,0,,0,-0.7179181626275469,0.1018532990156346,76959.79633103825,0.0,0.0,88.55282663695436,0,0.033230722429733205,,,0.00011507653962688786,,,,,,,,,,,,,,,,,,,
SWE,Sweden,0,53402.359,False,0,1.9252548131370328,0,-0.6933110134272653,0.15397919866234944,0.0,0.0,0.0,533743.9748307748,0,,,,0.9406504644380544,,,,,,1.9252548131370328,,,,,,,,,,,,1.8465909090909092,
SWZ,Eswatini,0,8917.731,False,0,,0,-0.7183729302724606,0.10123220130328808,44106.28667763134,0.0,0.0,0.0,0,0.004313017478946371,,,0.0,,,,,,,,,,,,,,,,,,,
SYR,Syria,0,,False,0,0.14522434139068002,0,-0.7189777451887684,0.10041030077806695,0.0,0.0,0.0,0.0,0,,0.06709012605847023,0.036579747242217374,,,,,,,,,,0.1442871029837317,,,0.14522434139068002,,,,,,,
TCD,Chad,0,2251.107,False,0,0.087134604834408,0,-0.35241094467923695,-0.19485639458215118,0.0,0.0,56862.30556788282,0.004442258853088725,0,,,0.1341117050192545,3.3001588651244013e-10,,,,,,,,,,,,0.087134604834408,,,,,,,
TGO,Togo,0,2063.759,False,0,,0,-0.7189776613043869,0.10041047585270874,0.0,0.0,0.0,1.7443897276765359,0,,,,1.1880571914447845e-07,,,,,,,,,,,,,,,,,,,
THA,Thailand,0,18431.951,False,0,0.07685860187584638,0,-0.3428913191688596,-0.14070612345959527,691827.9025372843,55.749149832266795,19130.638769601763,770.0364437817786,0,0.13982851177883251,0.7032725198399931,0.36944250400633194,0.0004684005901623967,,,,,,,,,0.07685860187584638,,,0.014682180914597748,,0.004942637099402368,,,,,
TJK,Tajikistan,0,3592.581,False,0,,0,-0.7089794487381371,0.1154849387348338,580140.016328094,0.0,0.0,42485.11585403363,0,0.02285418538629344,,,0.005037072737777528,,,,,,,,,,,,,,,,,,,
TKM,Turkmenistan,3,15753.677,False,0,7.306007573949391,1,0.6734635302760613,-0.5892812858379691,0.0,167.87704470518216,11951.379312905807,0.0,1,,1.8100365469665642,0.19726318807484602,,,,,,,,,,7.306007573949391,,,0.0348538419337632,,,,,,,
TTO,Trinidad & Tobago,0,28000.485,False,0,0.1557037996154943,0,-0.5650014614726261,-0.00043315208858253596,0.0,31.387038753078738,2642.2542034539756,0.0,0,,0.6014921852937501,0.07751508578254454,,,,,,,,,,0.1557037996154943,,,0.014114760367916085,,,,,,,
TUN,Tunisia,0,11364.832,False,0,0.024688138036415605,0,-0.7004336256839229,0.08566667482104313,0.0,0.0,2866.2094670647134,1391.2216212259011,0,,,0.034128486338806455,0.0005217881181648191,,,,,,,,,,,,0.024688138036415605,,,,,,,
TWN,Taiwan,0,51310.478,False,0,,0,-0.7189554619721249,0.10044058208927024,1625.009223262352,0.0,0.0,5.8467590186939983e-05,0,0.0009142990008200494,,,9.900476595373205e-11,,,,,,,,,,,,,,,,,,,
TZA,Tanzania,0,2725.695,False,0,5.898270270075532,0,-0.7008935279407817,0.12622423976229846,1194734.1870605478,0.0,0.0,35377.20874859439,0,0.03570877098212371,,,0.003182260062637648,,,,,0.7104795737122558,,,,,5.898270270075532,,,,0.9775437818818017,,,,,
UGA,Uganda,0,2561.488,False,0,,0,-0.7189777450010334,0.10041030116988767,0.0,0.0,0.0,0.0039039808111535177,0,,,,3.3001588651244013e-10,,,,,,,,,,,,,,,,,,,
UKR,Ukraine,0,12902.796,False,0,7.494646680942184,1,0.2604980505918928,0.15301956763305496,1348186.5093426262,50.487789367513834,0.0,3280777.293154135,1,0.19074807434084393,0.44584538750125113,,1.396996853968755,,,,,,,,7.494646680942184,0.5861516838289598,4.505365919068788,,,,,,,,,
URY,Uruguay,0,22993.361,False,0,,0,-0.7189777451887684,0.10041030077806695,0.0,0.0,0.0,0.0,0,,,,0.0,,,,,,,,,,,,,,,,,,,
USA,US,1,62980.639,False,0,6.778226270816921,3,5.768842849299963,-3.5449095117070892,7376790.060831234,590.4697146689793,319703.3481988012,12637.543467921942,3,5.094491487368422,25.451816409696974,21.096010254149473,0.026266643019192543,,,,5.893416927899686,,,,,6.778226270816921,,,3.994076016399594,,2.0868912197476663,,,,,
USA,United States,0,62980.639,False,0,6.606959330494789,1,-0.09746560505757183,0.019265068415682568,0.0,0.0,0.0,802069.6646155019,1,,,,1.6670706304951801,,,0.6785790245019375,,5.328596802841918,5.209513023782559,6.606959330494789,0.0,,,0.2538694619605274,,1.2325266796933714,,3.9356605065023955,0.0,0.24732069249793898,4.356060606060606,
UZB,Uzbekistan,3,7476.063,False,0,3.197158081705151,1,0.802012770711381,-0.6329548345813214,1001169.2866954171,203.24543787284833,5608.875786627266,28995.15293009168,1,0.0820742315049838,1.03993896355422,0.04393340413151015,0.007153740841278817,,,,,3.197158081705151,,,,0.45407229868201593,2.490380780698558,,0.03450530351442557,,,,,,,
VEN,Venezuela,3,7804.256,True,1,17.647995691331953,1,1.3017285140064692,-1.093945449616999,37008.92929447727,146.37180238577514,123016.74323599841,116350.61689416645,1,0.003167119002473544,0.7818132372282993,1.0058699011107823,0.0299664325429891,,,,,,,,,3.362696393233898,,,17.647995691331953,,,,,,,Oil
VNM,Vietnam,0,10176.85,False,0,14.882381180988958,0,-0.43290650398936303,0.07427161618147829,4306699.331325509,21.57400451023647,17367.418621675668,435169.03187135514,0,0.4806005689793183,0.15026513654070706,0.1851802757932422,0.14615248432627143,,14.882381180988958,,,,,,,0.34696513383497984,3.17851231220737,,0.25559484084759687,,3.844273299535175,,0.49218917183821953,,,
XKX,Kosovo,0,,False,0,,0,-0.7189777451887684,0.10041030077806695,0.0,0.0,0.0,0.0,0,0.07753720461922055,,,0.00020998910858786567,,,,,,,,,,,,,,,,,,,
YEM,Yemen,0,1997.34,False,0,0.174269209668816,0,-0.5686572966555524,-0.02067164694512691,0.0,0.0,23317.89804940571,0.0,0,,,0.04879636591327291,,,,,,,,,,0.1427930167132262,,,0.174269209668816,,,,,,,
ZAF,South Africa,3,13688.776,True,1,29.978586723768736,2,0.9441409626080722,0.6434790537559056,17167349.367101923,0.0,0.0,5444679.069845252,2,2.576880129440053,,,2.459641145660443,,,0.3532876281278373,,8.880994671403197,,,29.978586723768736,,,,,1.8036975800390802,0.9445928678857858,,,2.363286617202528,2.793560606060606,Manganese
ZMB,Zambia,0,3372.366,False,0,2.633228840125392,0,-0.7063921382156012,0.12458694770604456,209382.6708014492,0.0,0.0,202012.81385235174,0,0.0077428668621258,,,0.0224827000713655,,,2.617376237364616,2.633228840125392,,,,,,,,,,,,,,,
ZWE,Zimbabwe,0,2270.392,False,0,1.8036975800390802,0,-0.6825020778114951,0.15104142552298552,2553510.6210733657,0.0,0.0,30365.541280977035,0,0.06357185304526176,,,0.0022751850302888737,,,,,,,1.7618558214652766,,,,,,1.8036975800390802,,,,,,
