,Country,Country Code,Year,PC1,PC2,PC3,Cluster,hover_text
0,Albania,ALB,1995,-1.0676049533439085,-0.13488964780853627,-0.576489908581055,0,<b>Albania</b><br>Cluster: 0<br><br>Top Resources:<br>  Copper: $11.9M<br>  Coal: $4.8M<br>  Bauxite: $38.9K
1,Algeria,DZA,1995,-0.1568873215347942,0.394625891523103,2.232566606703239,3,<b>Algeria</b><br>Cluster: 3<br><br>Top Resources:<br>  Oil: $9.5B<br>  Natural Gas: $4.2B<br>  Zinc: $4.8M
2,Angola,AGO,1995,-1.9336872516201828,-1.114292381437885,0.5009413441464913,0,<b>Angola</b><br>Cluster: 0<br><br>Top Resources:<br>  Oil: $4.6B
3,Argentina,ARG,1995,1.8588866677820317,1.1489230302087987,1.8004841094217277,4,<b>Argentina</b><br>Cluster: 4<br><br>Top Resources:<br>  Oil: $5.5B<br>  Natural Gas: $1.7B<br>  Aluminium: $374.6M
4,Armenia,ARM,1995,-1.114205905046629,0.6226553823174683,-1.1086031767922888,0,<b>Armenia</b><br>Cluster: 0<br><br>Top Resources:<br>  Copper: $26.3M<br>  Gold: $4.0M<br>  Coal: $1.1M
5,Australia,AUS,1995,10.367525289649762,-2.4061990963238427,-1.8716921920151766,2,<b>Australia</b><br>Cluster: 2<br><br>Top Resources:<br>  Coal: $11.4B<br>  Oil: $4.2B<br>  Gold: $3.4B
6,Austria,AUT,1995,-0.9495574587186191,-1.0449756962742758,-0.9591330208546458,0,<b>Austria</b><br>Cluster: 0<br><br>Top Resources:<br>  Magnesium compounds: $134.9M<br>  Coal: $57.2M
7,Azerbaijan,AZE,1995,-1.2212901320595346,-1.5425696397567714,1.9108985858663048,3,<b>Azerbaijan</b><br>Cluster: 3<br><br>Top Resources:<br>  Oil: $1.3B<br>  Natural Gas: $439.7M<br>  Aluminium: $22.2M
8,Bahrain,BHR,1995,-1.4110023343105689,-1.197988122967047,0.9848806210953118,3,<b>Bahrain</b><br>Cluster: 3<br><br>Top Resources:<br>  Aluminium: $916.8M<br>  Natural Gas: $514.7M
9,Bangladesh,BGD,1995,-1.8976008109858595,-0.9908778040635864,0.5471318058737192,0,<b>Bangladesh</b><br>Cluster: 0<br><br>Top Resources:<br>  Natural Gas: $459.9M
10,Bolivia,BOL,1995,1.4945217415500196,1.8842399381765165,-0.4009059863665108,1,<b>Bolivia</b><br>Cluster: 1<br><br>Top Resources:<br>  Natural Gas: $207.6M<br>  Zinc: $192.9M<br>  Gold: $191.6M
11,Bosnia and Herzegovina,BIH,1995,-1.3427257729708997,-0.7922836061731708,-0.42883810693905455,0,<b>Bosnia and Herzegovina</b><br>Cluster: 0<br><br>Top Resources:<br>  Coal: $75.1M<br>  Bauxite: $1.9M
12,Botswana,BWA,1995,-1.305669684182503,0.24885659894150636,-0.5982080189617313,0,<b>Botswana</b><br>Cluster: 0<br><br>Top Resources:<br>  Copper: $66.7M<br>  Coal: $41.2M
13,Brazil,BRA,1995,7.94747166937927,-2.7029223812777845,-0.8411001147331846,2,<b>Brazil</b><br>Cluster: 2<br><br>Top Resources:<br>  Oil: $5.2B<br>  Aluminium: $2.4B<br>  Gold: $830.2M
14,Brunei Darussalam,BRN,1995,-1.6097870782102581,-1.3812521015828816,1.5868313747581826,3,<b>Brunei Darussalam</b><br>Cluster: 3<br><br>Top Resources:<br>  Oil: $1.3B<br>  Natural Gas: $782.2M
15,Bulgaria,BGR,1995,0.8212092872793684,3.0684767479290196,-0.5836176262924977,1,<b>Bulgaria</b><br>Cluster: 1<br><br>Top Resources:<br>  Coal: $1.5B<br>  Copper: $252.3M<br>  Lead: $32.4M
16,Burkina Faso,BFA,1995,-1.8977626116339412,-0.19330844160534894,-1.1154724613893447,0,<b>Burkina Faso</b><br>Cluster: 0<br><br>Top Resources:<br>  Gold: $18.1M
17,Cameroon,CMR,1995,-1.471659453445051,-0.4087970349929028,-0.6915698885586894,0,<b>Cameroon</b><br>Cluster: 0<br><br>Top Resources:<br>  Aluminium: $160.2M<br>  Gold: $7.4M
18,Canada,CAN,1995,6.011986966578341,0.9992128106784611,1.42585411514376,5,<b>Canada</b><br>Cluster: 5<br><br>Top Resources:<br>  Oil: $17.4B<br>  Natural Gas: $10.4B<br>  Aluminium: $4.4B
19,Chad,TCD,1995,-2.2297677168704677,-0.7079689636058975,-0.5709340160939715,0,<b>Chad</b><br>Cluster: 0<br><br>Top Resources:<br>  (No significant production)
20,Chile,CHL,1995,1.847081078072635,2.989734895552884,-1.4451385284576408,1,<b>Chile</b><br>Cluster: 1<br><br>Top Resources:<br>  Copper: $8.1B<br>  Gold: $593.0M<br>  Silver: $184.4M
21,China,CHN,1995,13.344773251152416,-5.1771576991203085,-2.9031428696069326,2,<b>China</b><br>Cluster: 2<br><br>Top Resources:<br>  Coal: $62.3B<br>  Oil: $21.6B<br>  Aluminium: $3.8B
22,Colombia,COL,1995,0.18394123472231702,0.8157656854451162,0.9260994881181036,1,<b>Colombia</b><br>Cluster: 1<br><br>Top Resources:<br>  Oil: $4.3B<br>  Coal: $1.2B<br>  Natural Gas: $287.5M
23,"Congo, Dem. Rep.",COD,1995,1.2035566335982526,0.5019608759990384,-2.620921958853583,1,"<b>Congo, Dem. Rep.</b><br>Cluster: 1<br><br>Top Resources:<br>  Copper: $114.0M<br>  Cobalt: $104.2M<br>  Tin: $39.2M"
24,"Congo, Rep.",COG,1995,-1.9504408979496928,-1.0913006625076778,0.44028951870567606,0,"<b>Congo, Rep.</b><br>Cluster: 0<br><br>Top Resources:<br>  Oil: $1.3B"
25,Costa Rica,CRI,1995,-1.919141159825069,-0.2264485789048079,-1.0804084180627345,0,<b>Costa Rica</b><br>Cluster: 0<br><br>Top Resources:<br>  Gold: $6.2M
26,Cote d'Ivoire,CIV,1995,-1.8907204369275683,-0.18239195492114949,-1.1270226900021676,0,<b>Cote d'Ivoire</b><br>Cluster: 0<br><br>Top Resources:<br>  Gold: $25.8M
27,Croatia,HRV,1995,-1.8764870505482916,-0.4552954114265517,-0.477961440483724,0,<b>Croatia</b><br>Cluster: 0<br><br>Top Resources:<br>  Coal: $3.4M
28,Cyprus,CYP,1995,-2.229767716870468,-0.7079689636058977,-0.5709340160939717,0,<b>Cyprus</b><br>Cluster: 0<br><br>Top Resources:<br>  (No significant production)
29,Czechia,CZE,1995,-1.7137545431629382,-0.3389057965513036,-0.4351352634821998,0,<b>Czechia</b><br>Cluster: 0<br><br>Top Resources:<br>  Coal: $3.5B
30,Denmark,DNK,1995,-1.6211851043134855,-1.3719667860166338,1.5486721928386749,3,<b>Denmark</b><br>Cluster: 3<br><br>Top Resources:<br>  Oil: $1.3B<br>  Natural Gas: $375.8M
31,Dominican Republic,DOM,1995,-1.37594590617458,0.5615147108571692,-1.1855676812368405,0,<b>Dominican Republic</b><br>Cluster: 0<br><br>Top Resources:<br>  Gold: $43.7M<br>  Silver: $3.7M
32,Ecuador,ECU,1995,-1.5742896529617114,-0.5388330452570061,-0.12152908852683897,0,<b>Ecuador</b><br>Cluster: 0<br><br>Top Resources:<br>  Oil: $2.9B<br>  Gold: $98.6M
33,"Egypt, Arab Rep.",EGY,1995,-1.123846119702146,-1.6086219081130768,2.0817835042172175,3,"<b>Egypt, Arab Rep.</b><br>Cluster: 3<br><br>Top Resources:<br>  Oil: $6.7B<br>  Natural Gas: $820.7M<br>  Aluminium: $363.6M"
34,Equatorial Guinea,GNQ,1995,-1.9936435625904687,-1.0320118663304312,0.2838865230334265,0,<b>Equatorial Guinea</b><br>Cluster: 0<br><br>Top Resources:<br>  Oil: $50.6M
35,Eswatini,SWZ,1995,-1.8571176022805542,-0.44144198619240715,-0.4728639990857885,0,<b>Eswatini</b><br>Cluster: 0<br><br>Top Resources:<br>  Coal: $7.9M
36,Ethiopia,ETH,1995,-1.900547274083918,-0.1976251096550139,-1.110905194991129,0,<b>Ethiopia</b><br>Cluster: 0<br><br>Top Resources:<br>  Gold: $15.7M
37,Finland,FIN,1995,-0.8728635191907725,1.1259226704965484,-1.0009735286023582,1,<b>Finland</b><br>Cluster: 1<br><br>Top Resources:<br>  Copper: $29.5M<br>  Zinc: $21.6M<br>  Gold: $14.0M
38,France,FRA,1995,-0.0011695947400126951,0.21826800590843073,-0.619677376604278,1,<b>France</b><br>Cluster: 1<br><br>Top Resources:<br>  Aluminium: $736.3M<br>  Coal: $385.5M<br>  Gold: $78.9M
39,Gabon,GAB,1995,-1.0935761560462725,-2.1497085757361494,-0.4529993892189711,0,<b>Gabon</b><br>Cluster: 0<br><br>Top Resources:<br>  Oil: $2.6B<br>  Manganese: $519.0M
40,Georgia,GEO,1995,-0.6276466762549784,1.2433380769748197,-0.9133118591461629,1,<b>Georgia</b><br>Cluster: 1<br><br>Top Resources:<br>  Copper: $18.9M<br>  Gold: $6.7M<br>  Zinc: $2.6M
41,Germany,DEU,1995,-0.1709639527167526,-0.7118005981354578,1.7389258999715553,3,<b>Germany</b><br>Cluster: 3<br><br>Top Resources:<br>  Coal: $11.3B<br>  Aluminium: $1.2B<br>  Natural Gas: $1.1B
42,Ghana,GHA,1995,0.34700942284913666,-1.0936979670839224,-1.684304220062767,0,<b>Ghana</b><br>Cluster: 0<br><br>Top Resources:<br>  Gold: $682.7M<br>  Aluminium: $273.5M<br>  Manganese: $116.6M
43,Greece,GRC,1995,1.7807604727340811,0.510272691255479,0.04376101515787617,1,<b>Greece</b><br>Cluster: 1<br><br>Top Resources:<br>  Coal: $2.6B<br>  Aluminium: $291.7M<br>  Magnesium compounds: $85.4M
44,Guatemala,GTM,1999,-1.8824138046660441,-0.169515358662977,-1.1406468197097777,0,<b>Guatemala</b><br>Cluster: 0<br><br>Top Resources:<br>  Gold: $39.2M
45,Guinea,GIN,1995,-1.2269405886337483,-0.6750775292606814,-1.131152481592319,0,<b>Guinea</b><br>Cluster: 0<br><br>Top Resources:<br>  Bauxite: $445.1M<br>  Gold: $104.6M
46,Honduras,HND,1995,-0.3590688114317237,1.822833750728602,-0.5382607891427924,1,<b>Honduras</b><br>Cluster: 1<br><br>Top Resources:<br>  Zinc: $35.8M<br>  Silver: $5.3M<br>  Lead: $2.5M
47,Hungary,HUN,1995,-0.7839037794188969,-1.0058815628187854,-0.032160049190078976,0,<b>Hungary</b><br>Cluster: 0<br><br>Top Resources:<br>  Coal: $662.1M<br>  Aluminium: $70.5M<br>  Bauxite: $25.5M
48,India,IND,1995,5.61426156963001,-1.283994150364413,1.1297190550533756,5,<b>India</b><br>Cluster: 5<br><br>Top Resources:<br>  Coal: $13.2B<br>  Oil: $5.6B<br>  Natural Gas: $1.2B
49,Indonesia,IDN,1995,3.5959273359876227,-0.9728593283139922,0.15055921774249523,5,<b>Indonesia</b><br>Cluster: 5<br><br>Top Resources:<br>  Oil: $11.4B<br>  Natural Gas: $4.2B<br>  Copper: $2.0B
50,"Iran, Islamic Rep.",IRN,1995,2.3931508219598876,1.6920155051291241,2.234304336821279,4,"<b>Iran, Islamic Rep.</b><br>Cluster: 4<br><br>Top Resources:<br>  Oil: $27.1B<br>  Natural Gas: $2.2B<br>  Copper: $333.2M"
51,Iraq,IRQ,1995,-1.617295900867352,-1.3825395336226955,1.565308561173196,3,<b>Iraq</b><br>Cluster: 3<br><br>Top Resources:<br>  Oil: $3.8B<br>  Natural Gas: $205.4M
52,Ireland,IRL,1995,-0.5037753476538459,1.5520414335610628,0.012248073042959476,1,<b>Ireland</b><br>Cluster: 1<br><br>Top Resources:<br>  Zinc: $242.2M<br>  Lead: $46.0M<br>  Silver: $2.4M
53,Israel,ISR,1995,-1.9916038366297117,-0.9108147799835917,0.23071988080839018,0,<b>Israel</b><br>Cluster: 0<br><br>Top Resources:<br>  Natural Gas: $1.6M
54,Italy,ITA,1995,1.2678439839542899,0.49404289166958465,2.665219361148767,4,<b>Italy</b><br>Cluster: 4<br><br>Top Resources:<br>  Natural Gas: $1.3B<br>  Oil: $786.3M<br>  Aluminium: $359.2M
55,Jamaica,JAM,1995,-1.6094566251647673,-1.2305506178340624,-0.5304879560483354,0,<b>Jamaica</b><br>Cluster: 0<br><br>Top Resources:<br>  Bauxite: $272.5M
56,Japan,JPN,1995,1.9196634211982315,2.986251788831892,0.34177295854837697,4,<b>Japan</b><br>Cluster: 4<br><br>Top Resources:<br>  Coal: $286.8M<br>  Zinc: $125.8M<br>  Gold: $122.2M
57,Kazakhstan,KAZ,1995,2.9938909140599654,2.3426516661242602,2.1566187844869007,4,<b>Kazakhstan</b><br>Cluster: 4<br><br>Top Resources:<br>  Coal: $3.8B<br>  Oil: $3.3B<br>  Copper: $758.3M
58,Kenya,KEN,1995,-1.6509835972577853,0.09566964966167948,-0.8773628193556028,0,<b>Kenya</b><br>Cluster: 0<br><br>Top Resources:<br>  Gold: $2.0M<br>  Lead: $4.0K
59,"Korea, Rep.",KOR,1995,0.37250091854165374,1.5733583254684482,0.17377679415455272,1,"<b>Korea, Rep.</b><br>Cluster: 1<br><br>Top Resources:<br>  Coal: $262.0M<br>  Gold: $16.3M<br>  Cadmium: $10.9M"
60,Kuwait,KWT,1995,-1.5809037950018507,-1.4231710627274947,1.692509105637588,3,<b>Kuwait</b><br>Cluster: 3<br><br>Top Resources:<br>  Oil: $15.4B<br>  Natural Gas: $601.3M
61,Kyrgyz Republic,KGZ,1995,-1.5000171257658685,0.0926693719456438,-1.0142223266285253,0,<b>Kyrgyz Republic</b><br>Cluster: 0<br><br>Top Resources:<br>  Coal: $21.2M<br>  Gold: $19.8M
62,Lao PDR,LAO,1995,-1.8941130073400645,-0.467901855927185,-0.48260004869737494,0,<b>Lao PDR</b><br>Cluster: 0<br><br>Top Resources:<br>  Coal: $1.6M
63,Liberia,LBR,1995,-1.9083191365765706,-0.20967272803285733,-1.0981581683579582,0,<b>Liberia</b><br>Cluster: 0<br><br>Top Resources:<br>  Gold: $10.6M
64,Libya,LBY,1995,-1.5924647837441386,-1.4106067000440314,1.6522679222010255,3,<b>Libya</b><br>Cluster: 3<br><br>Top Resources:<br>  Oil: $10.4B<br>  Natural Gas: $410.9M
65,Madagascar,MDG,1995,-1.5671987236428402,-1.3570274431625233,-0.40628478280349056,0,<b>Madagascar</b><br>Cluster: 0<br><br>Top Resources:<br>  Natural Graphite: $8.5M
66,Malawi,MWI,1995,-1.9143251844343645,-0.48235801804004974,-0.48791927033129734,0,<b>Malawi</b><br>Cluster: 0<br><br>Top Resources:<br>  Coal: $687.2K
67,Malaysia,MYS,1995,0.621636205875254,0.3276616859439938,1.0847544747916948,3,<b>Malaysia</b><br>Cluster: 3<br><br>Top Resources:<br>  Oil: $5.1B<br>  Natural Gas: $1.9B<br>  Copper: $67.6M
68,Mali,MLI,1995,-1.8630769625511157,-0.13954018930640516,-1.1723621571431697,0,<b>Mali</b><br>Cluster: 0<br><br>Top Resources:<br>  Gold: $103.7M
69,Mauritania,MRT,1995,-1.9003301476617058,-0.19728852929515575,-1.1112613150703645,0,<b>Mauritania</b><br>Cluster: 0<br><br>Top Resources:<br>  Gold: $15.9M
70,Mexico,MEX,1995,3.6550489176968655,2.1083689191432606,2.8311551568937543,4,<b>Mexico</b><br>Cluster: 4<br><br>Top Resources:<br>  Oil: $22.1B<br>  Natural Gas: $2.0B<br>  Copper: $1.1B
71,Mongolia,MNG,1995,-0.35454373512745563,1.622389660844166,-1.2258905421682613,1,<b>Mongolia</b><br>Cluster: 1<br><br>Top Resources:<br>  Copper: $397.4M<br>  Coal: $229.9M<br>  Gold: $59.9M
72,Morocco,MAR,1995,1.653998213124952,2.774351154535814,-1.4692571515076907,1,<b>Morocco</b><br>Cluster: 1<br><br>Top Resources:<br>  Zinc: $105.4M<br>  Lead: $68.7M<br>  Copper: $44.3M
73,Mozambique,MOZ,1995,-0.9404126612728786,-1.1644541076828725,-0.8849853701325028,0,<b>Mozambique</b><br>Cluster: 0<br><br>Top Resources:<br>  Gold: $3.1M<br>  Natural Graphite: $1.6M<br>  Bauxite: $267.6K
74,Myanmar,MMR,1995,1.4633654249246524,1.6086409212635886,-0.31312702047487523,1,<b>Myanmar</b><br>Cluster: 1<br><br>Top Resources:<br>  Tin: $152.9M<br>  Natural Gas: $109.9M<br>  Copper: $17.2M
75,Namibia,NAM,1995,0.3209965652797163,2.7157652671464274,-0.7269010635498162,1,<b>Namibia</b><br>Cluster: 1<br><br>Top Resources:<br>  Copper: $73.4M<br>  Zinc: $39.9M<br>  Gold: $27.9M
76,Nepal,NPL,2000,-1.9259045589104635,-0.4906398233008637,-0.4909666045661595,0,<b>Nepal</b><br>Cluster: 0<br><br>Top Resources:<br>  Coal: $419.6K
77,Netherlands,NLD,1995,-0.681533602093404,-1.1057826273536866,1.6823638968096082,3,<b>Netherlands</b><br>Cluster: 3<br><br>Top Resources:<br>  Natural Gas: $4.8B<br>  Aluminium: $436.3M<br>  Cadmium: $3.2M
78,New Zealand,NZL,1995,-0.42404271667480714,0.7320886135538504,-0.691206074954678,1,<b>New Zealand</b><br>Cluster: 1<br><br>Top Resources:<br>  Aluminium: $552.1M<br>  Coal: $163.9M<br>  Gold: $161.4M
79,Nicaragua,NIC,1995,-1.4907055797138165,0.39427823327935835,-1.1522319483592685,0,<b>Nicaragua</b><br>Cluster: 0<br><br>Top Resources:<br>  Gold: $20.2M<br>  Silver: $189.0K
80,Niger,NER,1995,-1.5770762177377413,-0.007253969493042048,-0.9323553235980229,0,<b>Niger</b><br>Cluster: 0<br><br>Top Resources:<br>  Coal: $7.8M<br>  Gold: $1.3M
81,Nigeria,NGA,1995,-1.271343066311102,-1.1822756929604223,1.7363000144923197,3,<b>Nigeria</b><br>Cluster: 3<br><br>Top Resources:<br>  Oil: $14.1B<br>  Natural Gas: $313.2M<br>  Coal: $893.6K
82,North Macedonia,MKD,1995,0.34691057401990455,2.3860526753824107,-0.03876367140215408,1,<b>North Macedonia</b><br>Cluster: 1<br><br>Top Resources:<br>  Coal: $332.1M<br>  Copper: $32.6M<br>  Zinc: $27.5M
83,Norway,NOR,1995,2.091995097955029,0.06643277964463444,3.407300074005797,4,<b>Norway</b><br>Cluster: 4<br><br>Top Resources:<br>  Oil: $21.0B<br>  Natural Gas: $1.9B<br>  Aluminium: $1.7B
84,Oman,OMN,1995,-1.2906904245203448,-0.9049111458287817,1.0839149658057632,3,<b>Oman</b><br>Cluster: 3<br><br>Top Resources:<br>  Oil: $6.3B<br>  Natural Gas: $260.5M<br>  Gold: $8.1M
85,Pakistan,PAK,1995,-0.5964610363919748,-0.3990564373775584,0.600914924554283,3,<b>Pakistan</b><br>Cluster: 3<br><br>Top Resources:<br>  Natural Gas: $888.6M<br>  Coal: $145.2M<br>  Copper: $14.3M
86,Panama,PAN,1995,-1.545028743711508,0.3123154878266119,-1.0957812359344175,0,<b>Panama</b><br>Cluster: 0<br><br>Top Resources:<br>  Gold: $3.8M<br>  Silver: $100.8K
87,Papua New Guinea,PNG,1995,-0.7043528021954841,1.4492851413103587,-1.4316166844038862,1,<b>Papua New Guinea</b><br>Cluster: 1<br><br>Top Resources:<br>  Copper: $693.5M<br>  Gold: $687.6M<br>  Silver: $11.5M
88,Peru,PER,1995,2.371852325976912,3.0635169051624906,1.846326912180783,4,<b>Peru</b><br>Cluster: 4<br><br>Top Resources:<br>  Copper: $1.3B<br>  Zinc: $913.8M<br>  Oil: $887.2M
89,Philippines,PHL,1995,0.7704194120230031,0.7816529438059223,-1.8424852988599545,1,<b>Philippines</b><br>Cluster: 1<br><br>Top Resources:<br>  Nickel: $1.6B<br>  Gold: $359.4M<br>  Copper: $334.6M
90,Poland,POL,1995,1.8442256029307298,2.9431277402188076,0.9441494484492541,4,<b>Poland</b><br>Cluster: 4<br><br>Top Resources:<br>  Coal: $9.2B<br>  Copper: $1.3B<br>  Natural Gas: $251.4M
91,Portugal,PRT,1995,-0.3636334763407353,0.5268617761492196,-1.2908739588005964,1,<b>Portugal</b><br>Cluster: 1<br><br>Top Resources:<br>  Copper: $422.9M<br>  Silver: $6.8M<br>  Lithium: $742.4K
92,Qatar,QAT,1995,-1.600369473270051,-1.3959840147295215,1.6218079162086485,3,<b>Qatar</b><br>Cluster: 3<br><br>Top Resources:<br>  Oil: $3.3B<br>  Natural Gas: $635.0M
93,Romania,ROU,1995,2.3716755384546735,1.7643835667997105,1.9994463079212108,4,<b>Romania</b><br>Cluster: 4<br><br>Top Resources:<br>  Coal: $1.9B<br>  Natural Gas: $1.1B<br>  Oil: $1.0B
94,Russian Federation,RUS,1995,9.969887178470092,-3.0614466397717996,-0.46740916052569076,2,<b>Russian Federation</b><br>Cluster: 2<br><br>Top Resources:<br>  Oil: $45.1B<br>  Natural Gas: $36.9B<br>  Coal: $12.3B
95,Rwanda,RWA,1999,-2.00355877066537,-0.35730925235787675,-0.941950804497489,0,<b>Rwanda</b><br>Cluster: 0<br><br>Top Resources:<br>  Gold: $88.1K
96,Saudi Arabia,SAU,1995,-0.247408996047122,0.36405395475774005,1.0920854105069646,3,<b>Saudi Arabia</b><br>Cluster: 3<br><br>Top Resources:<br>  Oil: $64.9B<br>  Natural Gas: $2.8B<br>  Gold: $107.5M
97,Senegal,SEN,1998,-1.922468695191453,-0.23160678599749185,-1.0749507582060136,0,<b>Senegal</b><br>Cluster: 0<br><br>Top Resources:<br>  Gold: $5.2M
98,Serbia,SRB,1995,-2.229767716870468,-0.7079689636058977,-0.5709340160939717,0,<b>Serbia</b><br>Cluster: 0<br><br>Top Resources:<br>  (No significant production)
99,Slovak Republic,SVK,1995,-0.19411042017659452,-0.7084641668530296,-1.0621823114707807,0,<b>Slovak Republic</b><br>Cluster: 0<br><br>Top Resources:<br>  Coal: $189.7M<br>  Aluminium: $122.4M<br>  Magnesium compounds: $82.0M
100,Slovenia,SVN,1995,-1.3377022407164494,-0.5721997796888085,-0.059778780049325804,0,<b>Slovenia</b><br>Cluster: 0<br><br>Top Resources:<br>  Coal: $223.3M<br>  Aluminium: $141.8M
101,South Africa,ZAF,1995,4.701989367396891,0.4534843543010133,-3.3743278385779223,5,<b>South Africa</b><br>Cluster: 5<br><br>Top Resources:<br>  Coal: $9.4B<br>  Gold: $7.0B<br>  Manganese: $1.5B
102,Spain,ESP,1995,2.260123824061454,2.3906669853138154,-0.6588065597053981,1,<b>Spain</b><br>Cluster: 1<br><br>Top Resources:<br>  Coal: $1.3B<br>  Aluminium: $731.0M<br>  Zinc: $227.5M
103,Sri Lanka,LKA,1995,-1.6172684724664264,-1.3079786718264126,-0.4187271787488411,0,<b>Sri Lanka</b><br>Cluster: 0<br><br>Top Resources:<br>  Natural Graphite: $2.6M
104,Sudan,SDN,1995,-1.658444635656927,-0.4636668690664722,-0.35360845017695697,0,<b>Sudan</b><br>Cluster: 0<br><br>Top Resources:<br>  Gold: $49.2M<br>  Oil: $14.5M
105,Sweden,SWE,1995,0.9829088181029139,2.8122878514743457,-0.3250880473850654,1,<b>Sweden</b><br>Cluster: 1<br><br>Top Resources:<br>  Copper: $272.5M<br>  Zinc: $221.7M<br>  Aluminium: $187.4M
106,Switzerland,CHE,1995,-1.817540367838977,-0.8827456362610165,-0.20402150541526418,0,<b>Switzerland</b><br>Cluster: 0<br><br>Top Resources:<br>  Aluminium: $41.9M
107,Tajikistan,TJK,1995,-0.6427773390562417,0.3925082585273057,-0.2837440205998599,0,<b>Tajikistan</b><br>Cluster: 0<br><br>Top Resources:<br>  Aluminium: $478.7M<br>  Gold: $4.0M<br>  Coal: $1.4M
108,Tanzania,TZA,1995,-1.5862543427479567,0.005475526823164764,-0.9787529398619573,0,<b>Tanzania</b><br>Cluster: 0<br><br>Top Resources:<br>  Gold: $4.3M<br>  Coal: $2.0M
109,Thailand,THA,1995,-0.028454073431711243,0.36790779042212224,2.2418309429986043,3,<b>Thailand</b><br>Cluster: 3<br><br>Top Resources:<br>  Coal: $844.4M<br>  Natural Gas: $802.0M<br>  Oil: $612.8M
110,Togo,TGO,2005,-1.869914998915325,-0.1501402292128875,-1.1611467461994514,0,<b>Togo</b><br>Cluster: 0<br><br>Top Resources:<br>  Gold: $73.5M
111,Trinidad and Tobago,TTO,1995,-1.6199043546323824,-1.371187048318766,1.5520697176632012,3,<b>Trinidad and Tobago</b><br>Cluster: 3<br><br>Top Resources:<br>  Oil: $1.0B<br>  Natural Gas: $503.5M
112,Tunisia,TUN,1995,-0.40325018012517666,0.9563541560290213,0.9386361888705332,3,<b>Tunisia</b><br>Cluster: 3<br><br>Top Resources:<br>  Oil: $688.2M<br>  Zinc: $58.3M<br>  Lead: $6.6M
113,Turkiye,TUR,1995,3.2671261596984986,1.211534405948101,-0.5243222197647259,4,<b>Turkiye</b><br>Cluster: 4<br><br>Top Resources:<br>  Coal: $2.5B<br>  Magnesium compounds: $251.0M<br>  Copper: $145.1M
114,Uganda,UGA,1995,-1.8814470430940191,-0.16801672503517795,-1.1422324544939977,0,<b>Uganda</b><br>Cluster: 0<br><br>Top Resources:<br>  Gold: $41.2M
115,Ukraine,UKR,1995,-0.281662109306366,-1.4481791402556639,1.2887837784772802,3,<b>Ukraine</b><br>Cluster: 3<br><br>Top Resources:<br>  Coal: $3.6B<br>  Natural Gas: $1.1B<br>  Aluminium: $192.1M
116,United Arab Emirates,ARE,1995,-1.0879103874921954,-1.6427776611888307,2.187539355427312,3,<b>United Arab Emirates</b><br>Cluster: 3<br><br>Top Resources:<br>  Oil: $17.7B<br>  Natural Gas: $2.1B<br>  Aluminium: $499.7M
117,United Kingdom,GBR,1995,-0.06489190784860177,-0.6800660128392592,2.6626072263457465,3,<b>United Kingdom</b><br>Cluster: 3<br><br>Top Resources:<br>  Oil: $20.0B<br>  Natural Gas: $5.1B<br>  Coal: $2.4B
118,United States,USA,1995,7.149076506613077,0.1243943758466157,1.4119675486138812,5,<b>United States</b><br>Cluster: 5<br><br>Top Resources:<br>  Oil: $60.1B<br>  Coal: $42.9B<br>  Natural Gas: $34.3B
119,Uruguay,URY,1997,-1.9042173459813025,-0.20331430264842304,-1.1048857235625185,0,<b>Uruguay</b><br>Cluster: 0<br><br>Top Resources:<br>  Gold: $13.1M
120,Uzbekistan,UZB,1995,2.129380346760064,2.5359718273238383,2.0513793981057495,4,<b>Uzbekistan</b><br>Cluster: 4<br><br>Top Resources:<br>  Natural Gas: $3.0B<br>  Oil: $1.2B<br>  Gold: $845.9M
121,"Venezuela, RB",VEN,1995,0.34603099507577406,-1.2703992471189984,1.7740585360770726,3,"<b>Venezuela, RB</b><br>Cluster: 3<br><br>Top Resources:<br>  Oil: $21.4B<br>  Natural Gas: $2.1B<br>  Aluminium: $1.3B"
122,Viet Nam,VNM,1995,-0.6902534005716906,-0.302902669582301,1.6872335947660448,3,<b>Viet Nam</b><br>Cluster: 3<br><br>Top Resources:<br>  Oil: $1.1B<br>  Coal: $382.5M<br>  Zinc: $15.8M
123,"Yemen, Rep.",YEM,1995,-1.9415155335674381,-1.1035493076796163,0.4726012693455536,0,"<b>Yemen, Rep.</b><br>Cluster: 0<br><br>Top Resources:<br>  Oil: $2.5B"
124,Zambia,ZMB,1995,0.4226884132239287,1.0824617116192206,-2.139763585555958,1,<b>Zambia</b><br>Cluster: 1<br><br>Top Resources:<br>  Copper: $1.1B<br>  Cobalt: $182.9M<br>  Coal: $6.5M
125,Zimbabwe,ZWE,1995,0.43802982804353274,1.2870010770785176,-1.8319417414104322,1,<b>Zimbabwe</b><br>Cluster: 1<br><br>Top Resources:<br>  Gold: $318.7M<br>  Coal: $253.8M<br>  Copper: $26.2M
