Country Code,Country,cluster,GDP_per_capita,Is_Dominant,Dominant_Count,Max_Reserve_Concentration,Resource_Diversity,PC1,PC2,Coal_Prod_perGDPpc,Natural Gas_Prod_perGDPpc,Oil_Prod_perGDPpc,Minerals_Prod_perGDPpc,Resource_Diversity,Coal_Prod_Share,Natural Gas_Prod_Share,Oil_Prod_Share,Minerals_Prod_Share,Aluminium_Res_Share,Bauxite_Res_Share,Cobalt_Res_Share,Copper_Res_Share,Gold_Res_Share,Lead_Res_Share,Lithium_Res_Share,Manganese_Res_Share,Natural Gas_Res_Share,Natural Graphite_Res_Share,Nickel_Res_Share,Oil_Res_Share,Platinum Group_Res_Share,Rare Earth_Res_Share,Silver_Res_Share,Tin_Res_Share,Vanadium_Res_Share,Zinc_Res_Share,Dominant_Resources_List
AFG,Afghanistan,4,2439.677,False,0,,0,-0.7740840332375607,-0.0400021783849055,174203.38839936597,0.0,0.0,0.0,0,0.004616261162284934,,,,,,,,,,,,,,,,,,,,,,
AGO,Angola,0,6596.756,False,0,0.45135678237200416,1,0.6052424749404498,-1.0953909042993473,0.0,0.0,179020.00301360246,0.012127172810393473,1,,,1.2338570715314403,1.3206704729667052e-09,,,,,,,,,,,,0.45135678237200416,,,,,,,
ALB,Albania,4,13862.63,False,0,,0,-0.7763523129369282,-0.04148977674369818,13807.336703064282,0.0,0.0,7293.709779457434,0,0.0020790119624195533,,,0.0016691623940207944,,,,,,,,,,,,,,,,,,,
ARE,United Arab Emirates,0,69576.041,False,0,5.671681011946808,3,0.386636408259444,-0.37396865361440906,0.0,31.770507695314254,57573.301820952984,38806.462126811726,3,,1.5128572808822456,4.185175974311087,0.0445726284626263,4.588815789473684,,,,,,,,3.1900281098871504,,,5.671681011946808,,,,,,,
ARG,Argentina,0,22071.752,False,0,14.682131845543973,3,0.5535337368149971,-0.47253075270674044,588.9881328858716,71.95074931070266,55008.2363647435,22443.712216411273,3,0.0001412032826110686,1.0868915707373321,1.268520244226555,0.008177790494599829,,,,,,,14.682131845543973,,0.20711044003651097,,,0.1439787826816581,,,1.1122518822724161,,,,
ARM,Armenia,4,13637.865,False,0,,0,-0.7766095505093908,-0.04181974642337651,439.95156133309723,0.0,0.0,4955.850787494964,0,6.517074582049319e-05,,,0.001115755638582333,,,,,,,,,,,,,,,,,,,
AUS,Australia,0,50474.874,True,10,46.71613080516626,12,2.9411085721658856,1.5832915470877358,9170791.322827274,107.08403430586075,7231.1430296983,20551744.030307036,12,5.027863696656085,3.6992532139379732,0.3813423766847645,17.124914303177764,2.8453947368421053,16.802688430148823,16.335670743601653,12.539184952978054,21.314387211367674,38.9321468298109,25.69373072970195,26.76659528907923,1.2835881151290809,,19.65440995823438,0.13862226869059646,,6.260673659242999,16.084873374401095,13.26770811042157,46.71613080516626,30.303030303030305,"Bauxite, Cobalt, Gold, Lead, Lithium, Manganese, Nickel, Silver, Vanadium, Zinc"
AUT,Austria,4,56239.228,False,0,,3,-0.1261347675940677,0.09078431621326764,139.65341060513845,0.0,0.0,402539.2916133201,3,8.530850627902558e-05,,,0.3737249647698285,,,,,,,,,,,,,,,,,,,
AZE,Azerbaijan,4,14541.29,False,0,1.344854797318893,0,-0.0801581069436462,-0.5549892434674905,0.0,93.48248518528962,41133.23982260171,2126.6937802629614,0,,0.9303519600125033,0.6249261916968329,0.0005105195501250542,,,,,,,,,1.344854797318893,,,0.4059485386873994,,,,,,,
BDI,Burundi,4,751.762,False,0,,0,-0.7767248126731662,-0.04215317873778846,0.0,0.0,0.0,266.10815657082964,0,,,,3.3025016014623673e-06,,,,,,,,,,,,,,,,,,,
BEL,Belgium,4,52314.838,False,0,,0,-0.7766676567995461,-0.04211988893211322,4167.077799227821,0.0,0.0,0.0,0,0.002367870431477919,,,,,,,,,,,,,,,,,,,,,,
BEN,Benin,4,3156.439,False,0,,0,-0.7767309735941339,-0.042171787528006204,0.0,0.0,0.0,0.0015840635602335418,0,,,,8.254190456041907e-11,,,,,,,,,,,,,,,,,,,
BFA,Burkina Faso,4,2104.873,False,0,,1,-0.505263706145174,0.16707099819973786,0.0,0.0,0.0,2492610.1954844785,1,,,,0.0866133318771664,,,,,,,,,,,,,,,,,,,
BGD,Bangladesh,4,5815.383,False,0,0.05920935590047579,0,-0.21539836147478028,-0.38387106420890243,141005.33017343827,122.10696069373247,0.0,0.0,0,0.008906668595467402,0.485996157888239,,,,,,,,,,,0.05920935590047579,,,,,,,,,,
BGR,Bulgaria,4,23409.596,False,0,,1,-0.5530942152723977,0.0010619358164567078,644112.7941720993,0.0,0.0,3956.7367587206545,1,0.1637786493490262,,,0.0015290988355857386,,,,,,,,,,,,,,,,,,,
BHR,Bahrain,4,50118.484,False,0,0.03482465983512068,1,-0.5077211845141426,-0.03848604481296087,0.0,11.903569349783206,0.0,31924.349507459166,1,,0.40830925506319227,,0.026413409459334104,,,,,,,,,0.03482465983512068,,,,,,,,,,
BIH,Bosnia and Herzegovina,4,14389.734,False,0,,0,-0.7622687136653868,-0.028215186689165426,888936.5154352401,0.0,0.0,41261.01288599219,0,0.13893925090126463,,,0.009801603540836083,,,,,,,,,,,,,,,,,,,
BOL,Bolivia,4,8757.259,False,0,8.559811684142948,1,-0.33724722925635847,-0.14014859590740833,0.0,48.94612895427667,0.0,68083.81652295541,1,,0.2933598238702966,,0.009842752578723257,,,,,,1.7797552836484982,,,0.11434337476869973,,,,,,3.764544832306639,8.559811684142948,,,
BRA,Brazil,0,15546.657,True,1,23.065639797211052,9,3.5620062495873652,0.9210536527344084,488523.8120323874,52.885166431600055,222916.16191185027,30694351.75677961,9,0.08249434812254325,0.5627104548865361,3.6208576183326633,7.877709542542502,,12.962073931829094,,,4.262877442273535,,1.4315078549405373,14.453961456102785,0.1872144492691068,,13.102939972156252,0.6915629890348829,,23.065639797211052,,8.987802268350096,0.6595218466611706,,Rare Earth
BRA,Brazil1,4,15546.657,True,1,19.776883873245648,1,-0.5628715541286489,-0.0069309673578053154,0.0,0.0,0.0,4373.9306784731925,1,,,,0.0011225699020216992,,,,,,,,,,19.776883873245648,,,,,,,,,Natural Graphite
BRN,Brunei,4,59660.203,False,0,0.11941001626239865,0,-0.7372412868108369,-0.0698674125645875,0.0,6.254792331162534,1662.0353866378898,0.0,0,,0.2553946018522115,0.10359954942070504,,,,,,,,,,0.11941001626239865,,,0.06379191322230561,,,,,,,
BTN,Bhutan,4,12409.57,False,0,,0,-0.7765362906646314,-0.04201221246811585,12812.692140017743,0.0,0.0,0.0,0,0.0017270247642430696,,,,,,,,,,,,,,,,,,,,,,
BWA,Botswana,4,15117.995,False,0,,1,-0.5567526536731059,0.0069846488657212165,136550.71323942096,0.0,0.0,179048.2987988817,1,0.022422788010281497,,,0.04468573210165192,,,,,,,,,,,,,,,,,,,
CAF,Central African Republic,4,945.181,False,0,,0,-0.7767309356882621,-0.04217167303499127,0.0,0.0,0.0,1.6388395450183615,0,,,,2.5571482032817828e-08,,,,,,,,,,,,,,,,,,,
CAN,Canada,0,49538.627,False,0,9.747845710816618,9,2.609133570066325,-0.7541677024960596,859113.7479446089,141.09643535336576,118856.97138921513,1175708.5839298696,9,0.4622703888993972,4.783811949712057,6.151789960361543,0.9614974478703076,5.427631578947369,,2.1140279785837435,1.0407523510971788,5.683836589698046,,4.404639553663192,,1.2644450135921657,1.5768056061101259,1.8016542461714846,9.747845710816618,0.4659552081767624,0.9116419538897701,0.838466803559206,,,0.8522727272727272,
CHE,Switzerland,4,70660.605,False,0,,0,-0.7767270418080607,-0.042159911741480184,0.0,0.0,0.0,169.8258881310173,0,,,,0.00019810057094500578,,,,,,,,,,,,,,,,,,,
CHL,Chile,4,23880.123,True,2,34.13595654088974,2,-0.3264695756636793,0.09622842088490786,5090.844800087503,0.0,0.0,979079.891018568,2,0.001320467928232893,,,0.3859749960209146,,,,23.824451410658305,,,34.13595654088974,,,,,,,,4.4490075290896645,,,,"Copper, Lithium"
CHN,China,2,15893.004,True,7,73.51973684210526,17,12.379750955601116,2.973369747224628,300761265.77455086,562.6392022552816,268271.2905628162,27013441.341863375,17,51.91936083699291,6.119980989737579,4.454644640198431,7.087456199278433,73.51973684210526,3.2645223235717715,1.3452905318260184,5.141065830721003,5.506216696269982,24.47163515016685,11.01159888415798,14.989293361884368,4.511340310407209,21.647670185579695,3.6033084923429692,1.5056490598152132,,48.328007194156484,11.978097193702943,21.39952921035737,22.533663094256664,21.78030303030303,"Aluminium, Lead, Natural Graphite, Rare Earth, Tin, Vanadium, Zinc"
CIV,Cote d'Ivoire,4,4840.268,False,0,,0,-0.7742673109460972,-0.03473040309455115,0.0,0.0,0.0,106412.14783974772,0,,,,0.008502861381352231,,,,,,,,,,,,,,,,,,,
CMR,Cameroon,4,3743.317,False,0,,0,-0.7763462709514857,-0.041009810153062806,0.0,0.0,0.0,16616.33252006175,0,,,,0.0010268245944077957,,,,,,,,,,,,,,,,,,,
COD,DR Congo,4,1116.671,True,1,57.65530850682937,1,-0.5588100433082138,0.005336647049378404,0.0,0.0,0.0,179801.39181549445,1,,,,0.003314536211147276,,,57.65530850682937,,,,,,,,,,,,,,,,Cobalt
COD,Democratic Republic of Congo,4,1116.671,False,0,10.031347962382444,2,-0.27988926406434445,0.23685286754863805,7164.15130329345,0.0,0.0,2989646.8162959367,2,8.689432776065759e-05,,,0.055112435621869946,,,,10.031347962382444,,,,,,,,,,,,2.5679435052428845,,,
COG,Congo,4,4093.991,False,0,,0,-0.7766178700367122,-0.04183016321826685,0.0,0.0,0.0,4885.245228922096,0,,,,0.00033017009449881314,,,,,,,,,,,,,,,,,,,
COG,Republic of Congo,4,4093.991,False,0,0.1671348126424407,0,-0.7767309736308082,-0.04217178763877955,0.0,0.0,0.0,0.0,0,,,,,,,,,,,,,,,,0.1671348126424407,,,,,,,
COG,Republic of Congo ,4,4093.991,False,0,,0,-0.35114656861179405,-0.4385896435498443,0.0,0.0,65217.53467459992,0.0,0,,,0.27896141352914744,,,,,,,,,,,,,,,,,,,,
COL,Colombia,4,14999.853,False,0,1.2433392539964476,0,-0.2652006403983501,-0.3863354510270543,3516484.051543705,26.629325447389384,51510.25170046666,592.7190086462848,0,0.5729241060511687,0.27337655105836745,0.807260213806327,0.00014677102915830174,,,,,1.2433392539964476,,,,0.046306948716482,,,0.1180730321096493,,,,,,,
CRI,Costa Rica,4,20271.551,False,0,,0,-0.7765680398775265,-0.04167965341889314,0.0,0.0,0.0,7037.542415970046,0,,,,0.0023551169868416097,,,,,,,,,,,,,,,,,,,
CUB,Cuba,4,,False,0,4.804609042235781,3,-0.13545651191868582,0.06263306837774679,0.0,0.0,0.0,0.0,3,,,,0.13517901988435577,,,4.804609042235781,,,,,,,,,,,,,,,,
CYP,Cyprus,4,42048.93,False,0,,0,-0.7767309736308082,-0.04217178763877955,0.0,0.0,0.0,0.0,0,,,,0.0,,,,,,,,,,,,,,,,,,,
CZE,Czech Republic,4,41061.763,False,0,,0,-0.7674253153734936,-0.03454424818985064,612434.3426267401,0.0,0.0,0.0,0,0.2731483420536276,,,,,,,,,,,,,,,,,,,,,,
CZE,Czechia,4,41061.763,False,0,,1,-0.5623869946042553,-0.005467376673107495,0.0,0.0,0.0,25303.34608380064,1,,,,0.017152207767655085,,,,,,,,,,,,,,,,,,,
DEU,Germany,4,54190.139,False,0,0.01056025983735513,2,-0.30365414274101954,0.06812732884559357,1695880.4995868343,2.431616062103107,0.0,373909.68888269505,2,0.9981985901505541,0.09018397222644975,,0.3344964130987984,,,,0.0,,,,,0.01056025983735513,,,,,,,,,,
DNK,Denmark,4,57060.339,False,0,0.024803869236178666,0,-0.7644928460517441,-0.05188311714236999,0.0,1.1618549944121432,1060.0383895370828,0.0,0,,0.04537330019316016,0.0631958871306421,,,,,,,,,,0.015055415129376103,,,0.024803869236178666,,,,,,,
DOM,Dominican Republic,4,19089.518,False,0,,0,-0.7765944351349098,-0.04175937913035171,0.0,0.0,0.0,5897.461004515671,0,,,,0.001858508372467551,,,,,,,,,,,,,,,,,,,
DZA,Algeria,0,12786.558,False,0,1.2242883898572154,2,1.5777662767597416,-1.3750114923938708,0.0,266.67899109361565,107962.37939874045,51874.018793798925,2,,2.3337619144427384,1.4423111936165582,0.010949846451433211,,,,,,,,,1.2242883898572154,,,0.7075103102837532,,,,,,,
ECU,Ecuador,4,11448.816,False,0,0.07553815597378713,0,-0.5055448636992086,-0.2936533104411082,0.0,0.0,41513.77740720088,12234.58827532908,0,,,0.496575972300601,0.0023123545023459938,,,,,,,,,,,,0.07553815597378713,,,,,,,
EGY,Egypt,4,12682.907,False,0,1.1482873791692887,1,0.38271013515704744,-0.6902417070635367,740.1300033186399,134.88154892249864,50187.71323482858,20501.135741198766,1,0.00010195963183616159,1.170807361075651,0.6650420242124148,0.004292410121457799,,,,,,,,,1.1482873791692887,,,0.18244487181579405,,,,,,,
ERI,Eritrea,4,1761.128,False,0,,0,-0.7749631418693597,-0.036832129726972904,0.0,0.0,0.0,76357.35846571061,0,,,,0.002219965876839706,,,,,,,,,,,,,,,,,,,
ESP,Spain,4,40854.649,False,0,,1,-0.5624560566116302,-0.005709959540162494,1016.2721285403774,0.0,0.0,21653.402284768134,1,0.0004509754904228397,,,0.014604009583084786,,,,,,,,,,,,,,,,,,,
ETH,Ethiopia,4,2588.09,False,0,,0,-0.7767150875427454,-0.04215869034577068,1043.2403819032568,0.0,0.0,1.4914473607950263,0,2.9326835619221936e-05,,,6.372235032064352e-08,,,,,,,,,,,,,,,,,,,
FIN,Finland,4,48624.746,False,0,,0,-0.7766931923542338,-0.04205767095823438,0.0,0.0,0.0,1631.8738816651096,0,,,,0.001309930995289492,,,,,,,,,,,,,,,,,,,
FJI,Fiji,4,13580.555,False,0,,0,-0.7767309716668828,-0.04217178170682929,0.0,0.0,0.0,0.0848271664891457,0,,,,1.9017654810720556e-08,,,,,,,,,,,,,,,,,,,
FRA,France,4,47766.863,False,0,,2,-0.34095073315524066,0.05251894744088484,4187.003027600954,0.0,0.0,354193.345290437,2,0.0021723581940164397,,,0.279300426679177,,,,,,,,,,,,,,,,,,,
GAB,Gabon,4,15604.385,False,0,3.2655246252676657,0,-0.6762312138228732,-0.1088122153874569,0.0,0.0,14354.939332758067,294788.97335588676,0,,,0.2340350435600338,0.07593856266189904,,,,,,,,3.2655246252676657,,,,0.11598529676782839,,,,,,,
GBR,United Kingdom,4,47106.551,False,0,0.1449816209597855,0,-0.5776988964711021,-0.18953295042059146,2261.0443290573326,23.475940851623804,13870.298912352979,42207.861067986065,0,0.001156889356223455,0.7568649714520006,0.6826529978336966,0.03282306502891473,,,,,,,,,0.10043727559370497,,,0.1449816209597855,,,,,,,
GEO,Georgia,4,15423.107,False,0,,1,-0.06443510980689092,1.4982536693849466,9589.507483803362,0.0,0.0,21526876.914943274,1,0.0016064588844751572,,,5.48096943731183,,,,,,,,,,,,,,,,,,,
GHA,Ghana,4,5585.885,False,0,1.7761989342806392,0,-0.7691541851036109,-0.019286431867038826,0.0,0.0,0.0,327261.6604172839,0,,,,0.03017807969281117,,,,,1.7761989342806392,,,0.6959314775160599,,,,,,,,,,,
GIN,Guinea,3,2405.22,True,1,35.525684109457515,1,0.6883772712087457,3.7724109562066306,0.0,0.0,0.0,54049140.61582725,1,,,,2.1460907400590163,,35.525684109457515,,,,,,,,,,,,,,,,,Bauxite
GNQ,Equatorial Guinea,4,18544.02,False,0,0.06379191322230561,0,-0.7425538843335807,-0.07400661965035256,0.0,0.0,5237.375861868139,0.010785147988408123,0,,,0.10147300062300568,3.301676182416763e-09,,,,,,,,,,,,0.06379191322230561,,,,,,,
GRC,Greece,4,29659.045,False,0,,1,-0.5582344039482721,-0.0002524865187071099,219133.7210958748,0.0,0.0,60848.94169721244,1,0.07059400432599426,,,0.02979302996222727,,,,,,,,,,,,,,,,,,,
GRL,Greenland,4,,False,0,1.6475456998007894,2,-0.3492146658227266,0.02769811637223801,0.0,0.0,0.0,0.0,2,,,,0.2855917046112485,,,,,,,,,,,,,,1.6475456998007894,,,,,
GTM,Guatemala,4,8190.823,False,0,,2,0.22658745209093342,1.7668830329466825,0.0,0.0,0.0,24870425.841212783,2,,,,3.362909993365195,,,,,,,,,,,,,,,,,,,
GUF,French Guiana,4,,False,0,,0,-0.7767309736308082,-0.04217178763877955,0.0,0.0,0.0,0.0,0,,,,1.6508380912083814e-07,,,,,,,,,,,,,,,,,,,
GUY,Guyana,4,13052.244,False,0,,0,-0.4678558643976631,-0.3262072925894037,0.0,0.0,47190.365419157046,40127.61637002802,0,,,0.6435338530746021,0.00864635430829606,,,,,,,,,,,,,,,,,,,
HND,Honduras,4,5721.952,False,0,,1,-0.5578461644875627,0.008248000540671537,0.0,0.0,0.0,221433.8832272623,1,,,,0.02091668074248863,,,,,,,,,,,,,,,,,,,
HRV,Croatia,4,29390.493,False,0,,0,-0.7766283716172045,-0.04187930336174661,520.9507713940014,0.0,0.0,4089.7578683011543,0,0.00016630488154292854,,,0.0019843073856324746,,,,,,,,,,,,,,,,,,,
HUN,Hungary,4,33045.962,False,0,,1,-0.5594466451585112,-0.0005222268486621619,117704.80329790368,0.0,0.0,75056.0688776438,1,0.04224876572285616,,,0.04094573717624148,,,,,,,,,,,,,,,,,,,
IDN,Indonesia,0,11976.45,True,2,45.041356154287115,6,2.9521059510586496,0.3302281002997243,69814510.97779392,214.58737155000017,51174.41563234514,2973342.0170417773,6,9.081869283814829,1.7589210957449908,0.6403447768520898,0.5878647979665395,,13.442150744119058,6.149899574061799,2.633228840125392,6.394316163410302,,,,0.6726665584438168,,45.041356154287115,0.14150206205675064,,,,17.119623368285897,,,"Nickel, Tin"
IND,India,3,6617.13,False,0,7.578710219083631,4,5.154816613095708,4.153580124921845,163981212.39872876,176.0178405139388,111057.89107966746,45529361.13178976,4,11.785966454771641,0.7971507282122304,0.7678068152874633,4.9735410219338165,6.907894736842106,3.1204992798847817,,0.27586206896551724,,2.1134593993325916,,1.8201284796573876,0.7092853529245718,,,0.2634775459581196,,7.578710219083631,1.3689253935660506,,,4.640151515151516,
IND,India2,4,6617.13,False,0,2.2983946122961156,1,-0.562565631707947,-0.006006942170724639,0.0,0.0,0.0,17587.534172670024,1,,,,0.0019212288621674024,,,,,,,,,,2.2983946122961156,,,,,,,,,
IRL,Ireland,4,87080.954,False,0,,0,-0.7767149292659714,-0.042123326342003824,0.0,0.0,0.0,692.998815791568,0,,,,0.0009962312298847603,,,,,,,,,,,,,,,,,,,
IRN,Iran,1,14675.905,True,1,17.243482408804837,3,5.215660672843893,-3.407955003538423,105071.20344537526,644.9322146061861,344919.10379632463,6273224.888005203,3,0.016749044602731303,6.477882321329048,5.2887740647361206,1.5198482570371767,,,,,,2.2246941045606228,,,17.243482408804837,,,9.15123991498166,,,,,,,Natural Gas
IRQ,Iraq,0,11434.956,False,0,8.410035875986853,1,2.1189983787093696,-2.45013696679733,0.0,37.54091936164862,384618.1130036705,7909.956103023046,1,,0.29380115159576164,4.5951226131203855,0.001493183053497981,,,,,,,,,1.8953726329077596,,,8.410035875986853,,,,,,,
ISL,Iceland,4,57663.539,False,0,,1,-0.5626596474236262,-0.00629091249584689,0.0,0.0,0.0,13526.745210695444,1,,,,0.012876537111425375,,,,,,,,,,,,,,,,,,,
ISR,Israel,4,40974.826,False,0,0.31614795153921565,0,-0.6905166068464048,-0.09512478460033347,0.0,18.82610989977114,0.0,0.0,0,,0.5279487906562286,,,,,,,,,,,0.31614795153921565,,,,,,,,,,
ITA,Italy,4,42885.278,False,0,0.035031869695504717,3,-0.09051415056650244,0.10323261761796819,2331.802536059111,2.350512553515451,2169.348729417121,863265.9440845877,3,0.0010861790970082199,0.06898980167350871,0.09720094229197722,0.6111633730986197,,,,,,,,,0.02277421348757523,,,0.035031869695504717,,,,,,,
JAM,Jamaica,4,10544.6,False,0,,2,-0.3352416517119154,0.069902989582254,0.0,0.0,0.0,603531.6654970316,2,,,,0.1050593361245014,,,,,,,,,,,,,,,,,,,
JPN,Japan,4,41680.498,False,0,0.0,4,0.10137982583250749,0.1668577310655558,12467.902005393506,0.0,0.0,988625.5855916117,4,0.005644529150049663,,,0.6802510585317031,,,,0.0,,,,,,,,,,,,,,,
KAZ,Kazakhstan,0,26351.775,False,0,4.085257548845471,5,1.2562047172073383,0.42901300280292276,4272300.442759548,40.61438897379778,69672.20439609855,11168819.064370427,5,1.2228497542474732,0.7324936924775052,1.9182371559397913,4.858717070517533,,,,2.507836990595611,4.085257548845471,,,0.26766595289079226,1.2124255161150752,,,1.7397794515174259,,,,,,3.5984848484848486,
KEN,Kenya,4,4926.242,False,0,,0,-0.7767134088038711,-0.042118733853249796,0.0,0.0,0.0,758.6716202736285,0,,,,6.169842282082206e-05,,,,,,,,,,,,,,,,,,,
KGZ,Kyrgyzstan,4,5298.562,False,0,,0,-0.7647199375538292,-0.03225714808542121,788402.589230814,0.0,0.0,1365.804533380944,0,0.04537404559842138,,,0.00011946785098456816,,,,,,,,,,,,,,,,,,,
KHM,Cambodia,4,6078.936,False,0,,0,-0.7767309602093914,-0.04217174709998153,0.0,0.0,0.0,0.5797067118324655,0,,,,5.8175534334183364e-08,,,,,,,,,,,,,,,,,,,
KOR,South Korea,4,42804.158,False,0,0.4810593374573266,1,-0.5627650267739589,-0.007034196391016124,12709.045695981216,0.0,0.0,634.2776091986204,1,0.005908814287724716,,,0.0004481979029080393,,,,0.0,,,,,,0.4810593374573266,,,,,,,,,
KWT,Kuwait,4,44848.657,False,0,5.886253810967291,1,-0.11257783774843648,-0.4093664233840231,0.0,11.974846658173064,60615.91987024272,0.0,1,,0.3675644452718115,2.840331408824877,,,,,,,,,,0.9103737991970905,,,5.886253810967291,,,,,,,
LAO,Laos,4,7780.344,False,0,,0,-0.7396445802885756,-0.011382779278312268,2429092.7239206904,0.0,0.0,7664.374737158151,0,0.20527891008058516,,,0.0009844190541242605,,,,,,,,,,,,,,,,,,,
LBR,Liberia,4,1440.028,False,0,,0,-0.7767307543655696,-0.04217112535779116,0.0,0.0,0.0,9.470649181821464,0,,,,2.2514129887899908e-07,,,,,,,,,,,,,,,,,,,
LBY,Libya,4,22505.107,False,0,2.8046984537912425,1,-0.11398928719979586,-0.39230958589596304,0.0,22.809655510635874,52796.03105197412,0.0,1,,0.35132891960812374,1.2414099768779252,,,,,,,,,,0.7679490138601045,,,2.8046984537912425,,,,,,,
LKA,Sri Lanka,4,13639.02,False,0,0.40088278121443877,0,-0.7767253719183776,-0.04215486791329892,0.0,0.0,0.0,241.95286758139514,0,,,,5.447765700987659e-05,,,,,,,,,,0.40088278121443877,,,,,,,,,
MAR,Morocco,4,8509.076,False,0,0.1249198350981303,0,-0.7764536577639591,-0.04133416728667274,0.0,0.0,0.0,11978.010303351388,0,0.0,,,0.001682563897645224,,,0.1249198350981303,,,,,,,,,,,,,,,,
MDG,Madagascar,4,1645.73,False,0,7.215890061859899,1,-0.5615325421127917,-0.0031583103839363524,8127.092536442795,0.0,0.0,56875.67219410231,1,0.0001452764542248494,,,0.001545217470132869,,,0.9609218084471561,,,,,,,7.215890061859899,,,,0.1757552309701031,,,,,
MEX,Mexico,0,20312.294,False,0,6.645768025078371,3,1.2904820362366767,0.8798761372980815,256032.0755499108,63.38548826636715,94077.22776166984,22367844.61666417,3,0.05648781699796599,0.8811764985601206,1.9965323834676,7.50045469633588,,,,6.645768025078371,2.4866785079928952,6.229143492769744,,0.26766595289079226,0.09565152953825205,0.8284910811765068,,0.3517764459790174,,,6.331279945242985,,,6.628787878787879,
MKD,North Macedonia,4,18422.6,False,0,,0,-0.7732571623184193,-0.039105357264784736,222071.42314331312,0.0,0.0,4299.317143074268,0,0.0444370314768053,,,0.0013075397067892336,,,,,,,,,,,,,,,,,,,
MLI,Mali,4,2219.189,False,0,1.4209591474245116,0,-0.7767302120454157,-0.042169487303670976,0.0,0.0,0.0,32.89489989360979,0,,,,1.2051118065821185e-06,,,,,1.4209591474245116,,,,,,,,,,,,,,
MMR,Burma,4,4848.559,False,0,14.97967044725016,1,-0.5628104682404961,-0.006746460125223624,0.0,0.0,0.0,7012.3927542183155,1,,,,0.0005612849510108496,,,,,,,,,,,,,,,,14.97967044725016,,,
MMR,Myanmar,3,4848.559,False,0,0.23216566050370543,2,2.1359424123259085,5.696874225729018,356807.04308228486,109.65484949239557,0.0,85416512.5163992,2,0.018790898378242205,0.3638770118523432,,6.8368964380160495,,,,,,,,,0.23216566050370543,,,,,,,,,,
MNE,Montenegro,4,21591.247,False,0,,0,-0.7748203658506355,-0.039285009407290246,86247.91333265745,0.0,0.0,25920.36485896345,0,0.02022682714448707,,,0.009238964902590442,,,,,,,,,,,,,,,,,,,
MNG,Mongolia,4,12214.531,False,0,,1,-0.429115095187674,0.10539525924598989,8722471.620072845,0.0,0.0,57177.52077423193,1,1.1572249855644305,,,0.011529397100504234,,,,,,,,,,,,,,,,,,,
MOZ,Mozambique,4,1290.166,False,0,6.681379686907313,1,-0.3757882457822146,0.16935899192425705,11626410.864958463,0.0,0.0,454672.1414143606,1,0.16292686455123298,,,0.00968385814129912,,,,,,,,,,6.681379686907313,,,,,,,,,
MRT,Mauritania,4,5825.571,False,0,,0,-0.717065923659529,0.13804386584422665,0.0,0.0,0.0,2577092.2934421366,0,,,,0.24784088604764645,,,,,,,,,,,,,,,,,,,
MWI,Malawi,4,1411.374,False,0,,0,-0.7760282481880998,-0.0415957868994647,46248.5492860149,0.0,0.0,0.0,0,0.0007089925437811454,,,,,,,,,,,,,,,,,,,,,,
MYS,Malaysia,0,27913.548,False,0,0.48786250273510384,4,0.6829067330649278,-0.30085004981159874,145737.43903856294,103.648667879841,19175.07135244864,112362.36579455971,4,0.044186297894051915,1.980126146031306,0.5592228442913826,0.05177741896478771,,,,,,,,,0.48786250273510384,,,0.1584243168551768,,,,,,,
NAM,Namibia,4,9959.541,False,0,0.051387461459403906,1,-0.5628476578990704,-0.0068587898496771035,0.0,0.0,0.0,5406.072428438219,1,,,,0.0008888442450684167,,,,,,,0.051387461459403906,,,,,,,,,,,,
NCL,New Caledonia,4,,False,0,5.814429612644337,1,-0.5629728197267674,-0.00723683563327077,0.0,0.0,0.0,0.0,1,,,,0.001845141734543608,,,0.5211078967208927,,,,,,,,5.814429612644337,,,,,,,,
NER,Niger,4,1224.373,False,0,,0,-0.7754899193238752,-0.04115442988123389,81674.45704862814,0.0,0.0,2.0941330787268253,0,0.0010861790970082199,,,4.232748865858289e-08,,,,,,,,,,,,,,,,,,,
NGA,Nigeria,1,5135.489,False,0,2.9398495957187296,4,3.6713874515907454,-2.763942619873676,257434.1021857899,328.3913650676693,319504.0571598927,14799.559886117953,4,0.014359830751997172,1.1542174186132874,1.7143166938513632,0.0012546860947683452,,,,,,,,,2.9398495957187296,,,2.1393487988825948,,,,,,,
NIC,Nicaragua,4,5489.512,False,0,,0,-0.7767307613760962,-0.0421711465327775,0.0,0.0,0.0,9.167845885025846,0,,,,8.30817286162442e-07,,,,,,,,,,,,,,,,,,,
NLD,Netherlands,4,57258.337,False,0,0.06979301124866986,1,-0.5397465237103669,-0.021501874584148522,0.0,5.071750484126007,0.0,6.985882248029663,1,,0.19875163107231428,,6.603352364833525e-06,,,,,,,,,0.06979301124866986,,,,,,,,,,
NOR,Norway,0,63751.023,False,0,0.7676942193135283,6,0.9895955759271804,-0.1768418494246392,1300.4026617737568,63.92368136586608,28751.278344192215,146810.97744894226,6,0.0009004641950017545,2.7890932076698567,1.9150370955332612,0.15450771488951165,,,,,,,,,0.7676942193135283,0.16035311248577552,,0.45824077713927647,,,,,,,
NPL,Nepal,4,3922.081,False,0,,0,-0.7766920489008093,-0.04211389977103329,1784.7668112922706,0.0,0.0,509.9333746549345,0,7.603253679057539e-05,,,3.301676182416763e-05,,,,,,,,,,,,,,,,,,,
NZL,New Zealand,4,42174.159,False,0,,0,-0.7756436708787895,-0.04087736658244804,59501.50327834634,0.0,0.0,7913.101432562057,0,0.02725685914623875,,,0.00550931551536351,,,,,,,,,,,,,,,,,,,
OMN,Oman,4,33702.768,False,0,0.3579332695070116,2,0.06572441575130444,-0.28428772157699517,0.0,48.409799218865345,29451.33557279331,45692.50810497227,2,,1.1166393907136685,1.037058937429795,0.02542231230289624,,,,,,,,,0.3579332695070116,,,0.31159449976677095,,,,,,,
PAK,Pakistan,4,5412.609,False,0,0.20669069685518532,1,0.6295742033141918,0.5885702820365005,3528595.1599311903,173.5200252225867,0.0,14871011.927889118,1,0.20744832386030546,0.6427918316198075,,1.3287756422682535,,,,,,,,,0.20669069685518532,,,,,,,,,,
PAN,Panama,4,32894.993,False,0,,0,-0.7764980438138626,-0.04146823339392854,0.0,0.0,0.0,10060.858684481253,0,,,,0.00546347963257673,,,,,,,,,,,,,,,,,,,
PER,Peru,4,13303.52,True,1,23.956194387405887,3,0.16761297363431843,0.01689884879082517,17541.522845081603,43.18996650510542,9370.79219635104,1894597.8207271458,3,0.0025347509879422624,0.3932452865682228,0.1302494048939275,0.4160907693805084,,,,12.539184952978054,4.440497335701599,5.561735261401557,,,0.14043548848629847,,,0.04328258283832689,,,23.956194387405887,2.7819387973464584,,9.469696969696969,Silver
PHL,Philippines,4,8983.407,False,0,3.9308819916468756,3,-0.019104101114467066,0.36046760557207314,1602955.3152829434,0.0,0.0,3973562.509858454,3,0.15640978996918367,,,0.5892852990101108,,,2.498396701962606,,,,,,,,3.9308819916468756,,,,,,,,
PNG,Papua New Guinea,4,3792.896,False,0,1.9538188277087036,1,-0.5624211282887188,-0.005570475962462247,0.0,0.0,0.0,23829.021412661987,1,,,,0.0014920439752150471,,,0.5957715212372368,,1.9538188277087036,,,,0.08763421051722703,,,,,,,,,,
POL,Poland,4,33258.733,False,0,10.438056125941136,1,-0.5059619904103263,0.014770109484352072,2561750.4310822664,3.8766632571361037,0.0,14382.701950792894,1,0.9254308209743036,0.08824251358414253,,0.007896791339016418,,,,4.263322884012539,,,,,0.03881501584208017,,,,,,10.438056125941136,,,,
PRK,North Korea,4,,False,0,0.534510374952585,0,-0.7767309736308082,-0.04217178763877955,0.0,0.0,0.0,0.0,0,0.1857366255884056,,,0.007101245133141974,,,,,,,,,,0.534510374952585,,,,,,,,,
PRT,Portugal,4,34989.25,False,0,0.22023197768315958,1,-0.5616504000948439,-0.003383163666382503,4205.691748179798,0.0,0.0,54358.65873089592,1,0.0015983559884114758,,,0.03139842378246086,,,,,,,0.22023197768315958,,,,,,,,,,,,
QAT,Qatar,4,91022.868,False,0,13.249232340766667,2,0.10542564752075646,-0.29198491856430964,0.0,70.97353922093512,19836.30468554342,7437.691372238458,2,,4.421412857049729,1.886445050978321,0.011176173877480742,,,,,,,,,13.249232340766667,,,1.46396641580353,,,,,,,
ROU,Romania,4,30105.501,False,0,0.04236436936607643,0,-0.7052226203379387,-0.07040332211062433,417874.0058170764,10.742550187090393,1994.5322763437819,127322.59463145955,0,0.1366446573702082,0.22134379001295237,0.06273642993014879,0.06327844821210804,,,,,,,,,0.04236436936607643,,,0.03479558903034852,,,,,,,
RUS,Russian Federation,1,27337.884,True,5,94.69412295205171,13,8.693692614790978,-3.8472937697690375,15625765.205529442,829.4386800382941,393287.0225069358,3856205.915571227,13,4.639889430959523,15.51898354177214,11.233300739136535,1.7403219350261407,6.7105263157894735,,2.4023045211178906,10.031347962382444,21.314387211367674,9.899888765294772,,,20.085121595633716,6.848414179079996,6.797150110556056,6.251853338220979,94.69412295205171,4.173782439495333,15.742642026009582,9.843783436764392,27.480076944215444,13.731060606060606,"Gold, Natural Gas, Platinum Group, Silver, Vanadium"
RWA,Rwanda,4,2272.297,False,0,,1,-0.5629359979145984,-0.007125616972670083,0.0,0.0,0.0,1590.4320605977125,1,,,,5.966019906313071e-05,,,,,,,,,,,,,,,,,,,
SAU,Saudi Arabia,0,56426.096,True,1,17.25437869572084,6,2.1196142237083397,-1.2098496687553242,0.0,77.50614568479095,192394.2675389061,145364.87085691697,6,,2.993162086602133,11.342401200176685,0.13540788396693493,,,,,,,,,3.2332128604430013,,,17.25437869572084,,,,,,,Oil
SDN,Sudan,4,4229.534,False,0,0.08698897257587129,0,-0.7181473615858741,-0.09464017514896296,0.0,0.0,8896.044410566272,22955.4839847605,0,,,0.039311746301230625,0.0016028152111351296,,,,,,,,,,,,0.08698897257587129,,,,,,,
SEN,Senegal,4,3368.267,False,0,,0,-0.7767308506966787,-0.04217141632165996,0.0,0.0,0.0,5.309852217772522,0,,,,2.95252392612619e-07,,,,,,,,,,,,,,,,,,,
SLB,Solomon Islands,4,2291.991,False,0,,0,-0.7767309533474045,-0.042171726373652386,0.0,0.0,0.0,0.8760941905967345,0,,,,3.31488288714643e-08,,,,,,,,,,,,,,,,,,,
SLE,Sierra Leone,4,1705.192,False,0,,0,-0.7630964063517525,-0.0009891781657992247,0.0,0.0,0.0,588913.2461329867,0,,,,0.01657788377103111,,,,,,,,,,,,,,,,,,,
SRB,Serbia,4,18318.294,False,0,,0,-0.7504762599089728,-0.019942863770219296,1706708.0941052698,0.0,0.0,13911.013984162497,0,0.33958282260437667,,,0.0042067654006714295,,,,,,,,,,,,,,,,,,,
SSD,South Sudan,0,425.937,False,0,0.2029742693436997,0,0.5484708806724954,-1.2765536241276234,0.0,0.0,203076.98345060417,0.46955300901307,0,,,0.09037305113970692,3.301676182416763e-09,,,,,,,,,,,,0.2029742693436997,,,,,,,
SUR,Suriname,4,18519.967,False,0,,1,-0.4986109939903815,0.18716522202067487,0.0,0.0,0.0,2779958.5381550626,1,,,,0.8499297054848498,,,,,,,,,,,,,,,,,,,
SVK,Slovakia,4,32950.782,False,0,,1,-0.5623175828080529,-0.006024945184855046,22943.309812798983,0.0,0.0,13243.90116143526,1,0.008211513973382142,,,0.007204206254052549,,,,,,,,,,,,,,,,,,,
SVN,Slovenia,4,39377.625,False,0,,0,-0.7745088877796329,-0.038033609192247006,76959.79633103825,0.0,0.0,45469.654403992114,0,0.03291659236408828,,,0.029558041414134213,,,,,,,,,,,,,,,,,,,
SWE,Sweden,4,53402.359,False,0,1.8909899888765296,1,-0.5506155358952242,0.030087795487436526,0.0,0.0,0.0,533743.9748307748,1,,,,0.4705414741143559,,,,,,1.8909899888765296,,,,,,,,,,,,1.8465909090909092,
SWZ,Eswatini,4,8917.731,False,0,,0,-0.7760607988834862,-0.04162246762492062,44106.28667763134,0.0,0.0,0.0,0,0.004272246518680491,,,0.0,,,,,,,,,,,,,,,,,,,
SYR,Syria,4,,False,0,0.1449816209597855,0,-0.7767309736308082,-0.04217178763877955,0.0,0.0,0.0,0.0,0,,0.06709012605847024,0.0364777038622451,,,,,,,,,,0.1442871029837317,,,0.1449816209597855,,,,,,,
TCD,Chad,4,2251.107,False,0,0.08698897257587129,1,-0.18806491013467264,-0.3412501416923413,0.0,0.0,56862.30556788282,166140.4811055183,1,,,0.13373758511122474,0.006174134461119347,,,,,,,,,,,,0.08698897257587129,,,,,,,
TGO,Togo,4,2063.759,False,0,,0,-0.7767309332445557,-0.042171665653883805,0.0,0.0,0.0,1.7443897276765359,0,,,,5.943017128350174e-08,,,,,,,,,,,,,,,,,,,
THA,Thailand,4,18431.951,False,0,0.07685860187584638,2,0.04601464944677908,-0.2229604809109025,691827.9025372843,55.749149832266795,19130.638769601763,197578.1768300057,2,0.13850671266125403,0.7032725198399932,0.36841190197497836,0.06011941721825851,,,,,,,,,0.07685860187584638,,,0.014657641879034313,,0.004942637099402368,,,,,
TJK,Tajikistan,4,3592.581,False,0,,0,-0.7669323939626916,-0.031975479224734864,580140.016328094,0.0,0.0,42485.11585403363,0,0.02263814473984532,,,0.0025196943188360655,,,,,,,,,,,,,,,,,,,
TKM,Turkmenistan,4,15753.677,False,0,7.306007573949391,1,0.2838119373047066,-0.5520769015426735,0.0,167.87704470518216,11951.379312905807,0.0,1,,1.8100365469665647,0.19671289989701976,,,,,,,,,,7.306007573949391,,,0.03479558903034852,,,,,,,
TTO,Trinidad & Tobago,4,28000.485,False,0,0.1557037996154943,0,-0.615751373154651,-0.14651610284879635,0.0,31.387038753078738,2642.2542034539756,0.0,0,,0.6014921852937503,0.07729884860354723,,,,,,,,,,0.1557037996154943,,,0.014091169689620238,,,,,,,
TUN,Tunisia,4,11364.832,False,0,0.024646875563163535,2,-0.26988994277114264,0.19337907016166947,0.0,0.0,2866.2094670647134,2618380.104518923,2,,,0.034033281030899615,0.49124731957228857,,,,,,,,,,,,0.024646875563163535,,,,,,,
TUR,Turkey,4,28504.81,True,1,18.440607935864183,3,-0.070387272574751,0.15707410018104778,3053163.9856571574,0.0,0.0,806744.5943333773,3,0.9453001399808822,,,0.37962840107393625,,,0.8744388456869121,,,1.7797552836484982,,,,18.440607935864183,,,,,,,,,Natural Graphite
TWN,Taiwan,4,51310.478,False,0,,0,-0.7767062823614376,-0.04215154902118969,1625.009223262352,0.0,0.0,5.8467590186939983e-05,0,0.0009056561310854536,,,4.952514273625144e-11,,,,,,,,,,,,,,,,,,,
TZA,Tanzania,4,2725.695,False,0,4.810593374573266,1,-0.5440003270485778,0.010116856912544794,1194734.1870605478,0.0,0.0,35377.20874859439,1,0.03537121592004425,,,0.0015918615867407246,,,,,0.7104795737122558,,,,,4.810593374573266,,,,0.9775437818818017,,,,,
UGA,Uganda,4,2561.488,False,0,,0,-0.776730973540423,-0.042171787365774774,0.0,0.0,0.0,0.0039039808111535177,0,,,,1.6508380912083815e-10,,,,,,,,,,,,,,,,,,,
UKR,Ukraine,3,12902.796,False,0,7.494646680942184,3,1.352945276822469,3.672834917023508,1348186.5093426262,50.487789367513834,0.0,53416681.93467524,3,0.1889449325270891,0.44584538750125124,,11.377981405359556,,,,,,,,7.494646680942184,0.5861516838289598,3.6745490538572687,,,,,,,,,
URY,Uruguay,4,22993.361,False,0,,0,-0.7767309736308082,-0.04217178763877955,0.0,0.0,0.0,0.0,0,,,,0.0,,,,,,,,,,,,,,,,,,,
USA,US,1,62980.639,False,0,6.778226270816921,3,4.767633441392474,-3.4475598624223367,7376790.060831234,590.4697146689793,319703.3481988012,29388.723143949046,3,5.046333252207014,25.45181640969698,21.03716052574624,0.03055570169201263,,,,5.893416927899686,,,6.606959330494789,,6.778226270816921,,,3.987400524932788,,,,,,,
USA,United States,4,62980.639,False,0,5.328596802841918,4,0.0964833992963045,0.15248521691354333,0.0,0.0,0.0,785318.4849394747,4,,,,0.8165022087383378,,,0.6726452659130092,,5.328596802841918,5.116796440489433,,0.0,,,0.2538694619605274,,1.2325266796933714,2.0868912197476663,3.9356605065023955,0.0,0.24732069249793898,4.356060606060606,
UZB,Uzbekistan,4,7476.063,False,0,3.197158081705151,2,0.6344910290925106,-0.5621975177252224,1001169.2866954171,203.24543787284833,5608.875786627266,48696.69905135898,2,0.08129838367967895,1.0399389635542202,0.043810846886333424,0.006010034386417059,,,,,3.197158081705151,,,,0.45407229868201593,2.0311394248198233,,0.03444763314004503,,,,,,,
VEN,Venezuela,0,7804.256,True,1,17.618499746798097,1,0.9133541528994941,-1.1580899041514128,37008.92929447727,146.37180238577514,123016.74323599841,116350.61689416645,1,0.0031371802221098004,0.7818132372282994,1.0030639122163796,0.014990105119599466,,,,,,,,,3.362696393233898,,,17.618499746798097,,,,,,,Oil
VNM,Vietnam,3,10176.85,False,0,14.882381180988958,2,0.6433198392477223,2.0746071325666113,4306699.331325509,21.57400451023647,17367.418621675668,30881230.435940396,2,0.4760574511280079,0.15026513654070708,0.18466369427831217,5.1881491242035915,,14.882381180988958,,,,,,,0.34696513383497984,2.5923753185200376,,0.25516765288922244,,3.844273299535175,,0.49218917183821953,,,
XKX,Kosovo,4,,False,0,,0,-0.7767309736308082,-0.04217178763877955,0.0,0.0,0.0,0.0,0,0.07680424531541778,,,0.00010504282774358932,,,,,,,,,,,,,,,,,,,
YEM,Yemen,4,1997.34,False,0,0.17397794515174259,0,-0.6245673903680492,-0.18390715367521304,0.0,0.0,23317.89804940571,0.0,0,,,0.04866024288117039,,,,,,,,,,0.1427930167132262,,,0.17397794515174259,,,,,,,
ZAF,South Africa,0,13688.776,True,1,29.978586723768736,5,0.6789654282841261,0.7270585902065252,17167349.367101923,0.0,0.0,5444679.069845252,5,2.5525208779693163,,,1.2303860086464717,,,0.35019834387048154,,8.880994671403197,,,29.978586723768736,,,,,1.8036975800390802,0.9445928678857858,,,2.363286617202528,2.793560606060606,Manganese
ZMB,Zambia,4,3372.366,False,0,2.633228840125392,0,-0.765498907243747,-0.015247578182049765,209382.6708014492,0.0,0.0,347726.53531674796,0,0.007669673530839592,,,0.01935873686246035,,,2.5944888828073216,2.633228840125392,,,,,,,,,,,,,,,
ZWE,Zimbabwe,4,2270.392,False,0,1.8036975800390802,1,-0.5234703743903361,0.026689219496650343,2553510.6210733657,0.0,0.0,30365.541280977035,1,0.06297090822943646,,,0.0011381155471757523,,,,,,,1.7618558214652766,,,,,,1.8036975800390802,,,,,,
