Country,Country Code,Year,PC1,PC2,Cluster,ClusterLabels,hover_text
Algeria,DZA,1995.0,3.6340609529631274,-1.0648561451056362,2,Oil Exporters,"<b>Algeria</b><br>Cluster: 2<br><br>Top Resources:<br>  Oil: $56,902,879,951<br>  Natural Gas: $33,994,688,278<br>  Zinc: $13,828,880"
Angola,AGO,1995.0,0.7963121728719863,-1.6102091921429638,2,Oil Exporters,"<b>Angola</b><br>Cluster: 2<br><br>Top Resources:<br>  Oil: $34,071,424,521"
Azerbaijan,AZE,1995.0,2.8328350472440498,-1.094793806828653,2,Oil Exporters,"<b>Azerbaijan</b><br>Cluster: 2<br><br>Top Resources:<br>  Oil: $11,831,582,369<br>  Natural Gas: $2,349,283,061<br>  Aluminium: $77,077,300"
Bahrain,BHR,1995.0,6.401074933728124,-0.5301910865173344,3,Petrostates,"<b>Bahrain</b><br>Cluster: 3<br><br>Top Resources:<br>  Natural Gas: $3,941,490,285<br>  Aluminium: $2,883,103,410<br>  Oil: $1,224,628,037"
Bolivia,BOL,1995.0,0.48495599035519793,1.3812330461386035,2,Oil Exporters,"<b>Bolivia</b><br>Cluster: 2<br><br>Top Resources:<br>  Natural Gas: $3,478,288,287<br>  Oil: $1,127,882,451<br>  Zinc: $587,095,370"
Burkina Faso,BFA,1995.0,-3.7285496612019813,-0.9402147514240877,1,Gold & Coal,"<b>Burkina Faso</b><br>Cluster: 1<br><br>Top Resources:<br>  Gold: $44,827,500"
Cameroon,CMR,1995.0,-0.08982817358482671,-1.2108716786309763,2,Oil Exporters,"<b>Cameroon</b><br>Cluster: 2<br><br>Top Resources:<br>  Oil: $2,993,639,851<br>  Aluminium: $432,856,200<br>  Gold: $24,524,000"
Chad,TCD,1999.0,-3.6771846928466196,-1.395044465762736,1,Gold & Coal,"<b>Chad</b><br>Cluster: 1<br><br>Top Resources:<br>  Oil: $3,648,102,312"
Chile,CHL,1995.0,-2.666725411865886,6.362872068133281,0,Diversified Exporters,"<b>Chile</b><br>Cluster: 0<br><br>Top Resources:<br>  Copper: $35,247,844,000<br>  Gold: $1,563,867,100<br>  Silver: $736,453,631"
"Congo, Dem. Rep.",COD,1995.0,-2.4473711066521986,-0.4173480710097859,1,Gold & Coal,"<b>Congo, Dem. Rep.</b><br>Cluster: 1<br><br>Top Resources:<br>  Oil: $2,334,442,642<br>  Cobalt: $1,156,461,000<br>  Copper: $534,181,900"
"Congo, Rep.",COG,1995.0,1.0698927841662642,-1.6233677790692584,2,Oil Exporters,"<b>Congo, Rep.</b><br>Cluster: 2<br><br>Top Resources:<br>  Oil: $7,773,823,220<br>  Gold: $500,500"
Cote d'Ivoire,CIV,1995.0,-2.438458756111151,-1.003244687617538,1,Gold & Coal,"<b>Cote d'Ivoire</b><br>Cluster: 1<br><br>Top Resources:<br>  Oil: $1,025,943,251<br>  Gold: $74,182,400"
Ecuador,ECU,1995.0,0.4404771538679648,-0.5669078739858863,2,Oil Exporters,"<b>Ecuador</b><br>Cluster: 2<br><br>Top Resources:<br>  Oil: $15,592,212,376<br>  Gold: $186,451,400<br>  Silver: $66,788"
"Egypt, Arab Rep.",EGY,1995.0,1.6645792337243064,-1.2019342726696356,2,Oil Exporters,"<b>Egypt, Arab Rep.</b><br>Cluster: 2<br><br>Top Resources:<br>  Oil: $24,533,090,616<br>  Natural Gas: $13,030,048,073<br>  Aluminium: $1,035,860,000"
Equatorial Guinea,GNQ,1995.0,-0.24448714921509232,-1.560149181355939,2,Oil Exporters,"<b>Equatorial Guinea</b><br>Cluster: 2<br><br>Top Resources:<br>  Oil: $8,265,056,536<br>  Gold: $2,860,000"
Ethiopia,ETH,1995.0,-3.6892724901168843,-1.2880086871873269,1,Gold & Coal,"<b>Ethiopia</b><br>Cluster: 1<br><br>Top Resources:<br>  Gold: $94,303,000<br>  Silver: $324,829"
Gabon,GAB,1995.0,2.3952297535123996,-1.9749735924030594,2,Oil Exporters,"<b>Gabon</b><br>Cluster: 2<br><br>Top Resources:<br>  Oil: $9,818,183,047<br>  Manganese: $1,628,737,967<br>  Gold: $4,920,000"
Ghana,GHA,1995.0,-2.5120969103791775,0.3638178388793176,1,Gold & Coal,"<b>Ghana</b><br>Cluster: 1<br><br>Top Resources:<br>  Gold: $2,300,415,600<br>  Aluminium: $458,050,000<br>  Manganese: $366,028,210"
Guinea,GIN,1995.0,-3.825687015337307,0.1213487486650296,1,Gold & Coal,"<b>Guinea</b><br>Cluster: 1<br><br>Top Resources:<br>  Bauxite: $1,257,698,532<br>  Gold: $561,765,900"
Indonesia,IDN,1995.0,1.2382892940400492,2.3292933425825364,0,Diversified Exporters,"<b>Indonesia</b><br>Cluster: 0<br><br>Top Resources:<br>  Oil: $40,840,669,720<br>  Natural Gas: $30,112,889,766<br>  Coal: $11,298,502,044"
"Iran, Islamic Rep.",IRN,1995.0,3.309756317978435,1.097985962256038,2,Oil Exporters,"<b>Iran, Islamic Rep.</b><br>Cluster: 2<br><br>Top Resources:<br>  Oil: $130,816,003,901<br>  Natural Gas: $32,214,897,890<br>  Iron ore: $2,296,747,895"
Iraq,IRQ,1995.0,1.6578265906289387,-1.3443480376649928,2,Oil Exporters,"<b>Iraq</b><br>Cluster: 2<br><br>Top Resources:<br>  Oil: $56,888,709,809<br>  Natural Gas: $805,266,677"
Kazakhstan,KAZ,1995.0,1.8951748873794207,6.375969291223898,0,Diversified Exporters,"<b>Kazakhstan</b><br>Cluster: 0<br><br>Top Resources:<br>  Oil: $32,855,417,690<br>  Coal: $9,189,992,886<br>  Natural Gas: $5,923,396,219"
Kenya,KEN,1995.0,-3.6808043523782312,-1.362978947010689,1,Gold & Coal,"<b>Kenya</b><br>Cluster: 1<br><br>Top Resources:<br>  Gold: $19,591,200<br>  Lead: $3,732"
Kuwait,KWT,1995.0,6.759567153289086,-1.1229280585836812,3,Petrostates,"<b>Kuwait</b><br>Cluster: 3<br><br>Top Resources:<br>  Oil: $80,023,791,851<br>  Natural Gas: $4,355,817,532"
Lao PDR,LAO,1995.0,-3.674809330727047,-1.2783319236181336,1,Gold & Coal,"<b>Lao PDR</b><br>Cluster: 1<br><br>Top Resources:<br>  Copper: $116,433,600<br>  Gold: $90,633,400<br>  Coal: $34,175,589"
Liberia,LBR,1995.0,-3.768627990901195,-0.5853266665692516,1,Gold & Coal,"<b>Liberia</b><br>Cluster: 1<br><br>Top Resources:<br>  Gold: $10,502,500"
Libya,LBY,1995.0,4.768930118608127,-1.2201592892706017,3,Petrostates,"<b>Libya</b><br>Cluster: 3<br><br>Top Resources:<br>  Oil: $53,004,058,647<br>  Natural Gas: $3,654,269,683"
Madagascar,MDG,1995.0,-3.6783050970415356,-1.3960653347968999,1,Gold & Coal,"<b>Madagascar</b><br>Cluster: 1<br><br>Top Resources:<br>  Natural Graphite: $21,499,700<br>  Coal: $414,267<br>  Gold: $143,000"
Malawi,MWI,1995.0,-3.676646400319113,-1.3685956608477883,1,Gold & Coal,"<b>Malawi</b><br>Cluster: 1<br><br>Top Resources:<br>  Coal: $4,361,275"
Malaysia,MYS,1995.0,3.040796259191933,0.4157488506803977,2,Oil Exporters,"<b>Malaysia</b><br>Cluster: 2<br><br>Top Resources:<br>  Oil: $23,661,757,838<br>  Natural Gas: $23,365,554,531<br>  Gold: $131,024,800"
Mali,MLI,1995.0,-3.8023223083507385,-0.28696813017560824,1,Gold & Coal,"<b>Mali</b><br>Cluster: 1<br><br>Top Resources:<br>  Gold: $1,013,901,000"
Mongolia,MNG,1995.0,-4.027445802522811,5.728125686770366,0,Diversified Exporters,"<b>Mongolia</b><br>Cluster: 0<br><br>Top Resources:<br>  Copper: $1,078,532,900<br>  Coal: $707,183,288<br>  Gold: $491,136,200"
Mozambique,MOZ,1995.0,-3.6864011146492013,-1.314833763096048,1,Gold & Coal,"<b>Mozambique</b><br>Cluster: 1<br><br>Top Resources:<br>  Aluminium: $924,679,000<br>  Gold: $3,998,300<br>  Natural Graphite: $3,997,490"
Myanmar,MMR,1995.0,-2.1777568349554253,-1.0315475677329677,1,Gold & Coal,"<b>Myanmar</b><br>Cluster: 1<br><br>Top Resources:<br>  Natural Gas: $3,446,936,010<br>  Oil: $592,921,942<br>  Tin: $540,055,124"
Niger,NER,1995.0,-3.6785680498357536,-1.0922159386946024,1,Gold & Coal,"<b>Niger</b><br>Cluster: 1<br><br>Top Resources:<br>  Gold: $72,385,600<br>  Coal: $20,344,897<br>  Silver: $47,436"
Nigeria,NGA,1995.0,0.7731578277930472,-1.4359322154048348,2,Oil Exporters,"<b>Nigeria</b><br>Cluster: 2<br><br>Top Resources:<br>  Oil: $73,921,083,615<br>  Natural Gas: $6,793,277,639<br>  Aluminium: $22,578,000"
Oman,OMN,1995.0,5.170846685977033,-0.47617638031878085,3,Petrostates,"<b>Oman</b><br>Cluster: 3<br><br>Top Resources:<br>  Oil: $26,733,653,982<br>  Natural Gas: $6,240,818,139<br>  Gold: $17,954,400"
Papua New Guinea,PNG,1995.0,-0.3259183577722889,4.164586110277984,0,Diversified Exporters,"<b>Papua New Guinea</b><br>Cluster: 0<br><br>Top Resources:<br>  Gold: $2,208,075,400<br>  Oil: $2,005,604,359<br>  Copper: $1,699,851,880"
Qatar,QAT,1995.0,7.202730565821126,-0.9786626658624139,3,Petrostates,"<b>Qatar</b><br>Cluster: 3<br><br>Top Resources:<br>  Oil: $30,450,967,906<br>  Natural Gas: $15,031,260,824"
Russian Federation,RUS,1995.0,4.429208302057954,4.8049550325184045,0,Diversified Exporters,"<b>Russian Federation</b><br>Cluster: 0<br><br>Top Resources:<br>  Oil: $269,859,752,699<br>  Natural Gas: $236,326,784,189<br>  Coal: $31,969,968,813"
Rwanda,RWA,1999.0,-3.6777694092652298,-1.3898668824766796,1,Gold & Coal,"<b>Rwanda</b><br>Cluster: 1<br><br>Top Resources:<br>  Gold: $90,000"
Saudi Arabia,SAU,1995.0,5.8306126178726005,0.015535130382305456,3,Petrostates,"<b>Saudi Arabia</b><br>Cluster: 3<br><br>Top Resources:<br>  Oil: $327,333,684,657<br>  Natural Gas: $24,269,414,872<br>  Gold: $248,038,100"
Tanzania,TZA,1995.0,-3.6831997218819224,-1.3117179556214515,1,Gold & Coal,"<b>Tanzania</b><br>Cluster: 1<br><br>Top Resources:<br>  Gold: $723,939,000<br>  Copper: $13,985,020<br>  Coal: $5,208,759"
Togo,TGO,2005.0,-3.825154308512314,-0.08479391604147975,1,Gold & Coal,"<b>Togo</b><br>Cluster: 1<br><br>Top Resources:<br>  Gold: $88,359,700"
Trinidad and Tobago,TTO,1995.0,4.875819641908571,-1.0211599673654683,3,Petrostates,"<b>Trinidad and Tobago</b><br>Cluster: 3<br><br>Top Resources:<br>  Natural Gas: $9,432,269,882<br>  Oil: $5,220,080,143"
Uganda,UGA,1995.0,-3.7330520138823613,-0.9003470390699833,1,Gold & Coal,"<b>Uganda</b><br>Cluster: 1<br><br>Top Resources:<br>  Gold: $109,837,600"
United Arab Emirates,ARE,1995.0,8.064293927412438,-0.7458600864114808,3,Petrostates,"<b>United Arab Emirates</b><br>Cluster: 3<br><br>Top Resources:<br>  Oil: $89,627,498,651<br>  Natural Gas: $17,467,540,851<br>  Aluminium: $2,335,565,550"
Uzbekistan,UZB,1995.0,1.9023104106459887,2.899004703627603,0,Diversified Exporters,"<b>Uzbekistan</b><br>Cluster: 0<br><br>Top Resources:<br>  Natural Gas: $21,456,361,909<br>  Oil: $4,605,815,114<br>  Gold: $2,785,743,000"
"Venezuela, RB",VEN,1995.0,4.8931815819254165,0.934403357306442,3,Petrostates,"<b>Venezuela, RB</b><br>Cluster: 3<br><br>Top Resources:<br>  Oil: $104,391,946,298<br>  Natural Gas: $12,553,586,997<br>  Aluminium: $3,124,186,360"
Viet Nam,VNM,1995.0,-1.4908884418951156,-0.7089383443102133,1,Gold & Coal,"<b>Viet Nam</b><br>Cluster: 1<br><br>Top Resources:<br>  Oil: $10,688,678,855<br>  Coal: $2,264,516,559<br>  Natural Gas: $1,775,586,619"
"Yemen, Rep.",YEM,1995.0,0.1766548076413261,-1.5804051235493146,2,Oil Exporters,"<b>Yemen, Rep.</b><br>Cluster: 2<br><br>Top Resources:<br>  Oil: $13,213,493,845"
Zambia,ZMB,1995.0,-3.9247048837793224,2.127526504729546,1,Gold & Coal,"<b>Zambia</b><br>Cluster: 1<br><br>Top Resources:<br>  Copper: $3,271,780,190<br>  Cobalt: $504,190,300<br>  Coal: $21,068,776"
Zimbabwe,ZWE,1995.0,-3.876539226624155,2.397869492032436,1,Gold & Coal,"<b>Zimbabwe</b><br>Cluster: 1<br><br>Top Resources:<br>  Gold: $741,660,800<br>  Coal: $518,188,680<br>  Copper: $42,666,240"
